Date,ID,Net Kwh,DailyGenerations,EnphaseNetKwh,,EnphaseNetKwh,,,
9/1/2015,1,12,12,,,,,,
9/2/2015,2,24,12,,,,,,
9/3/2015,3,35,11,,,,,,
9/4/2015,4,46,11,,,,,,
9/5/2015,5,58,12,,,,,,
9/6/2015,6,70,12,,,,,,
9/7/2015,7,82,12,,,,,,
9/8/2015,8,94,12,,,,,,
9/9/2015,9,105,11,,,,,,
9/10/2015,10,115,10,,,,,,
9/11/2015,11,126,11,,,,,,
9/12/2015,12,131,5,,,,,,
9/13/2015,13,140,9,,,,,,
9/14/2015,14,145,5,,,,,,
9/15/2015,15,155,10,,,,,,
9/16/2015,16,161,6,,,,,,
9/17/2015,17,172,11,,,,,,
9/18/2015,18,183,11,,,,,,
9/19/2015,19,195,12,,,,,,
9/20/2015,20,206,11,,,,,,
9/21/2015,21,217,11,,,,,,
9/22/2015,22,224,7,,,,,,
9/23/2015,23,236,12,,,,,,
9/24/2015,24,244,8,,,,,,
9/25/2015,25,255,11,,,,,,
9/26/2015,26,266,11,,,,,,
9/27/2015,27,274,8,,,,,,
9/28/2015,28,284,10,,,,,,
9/29/2015,29,292,8,,,,,,
9/30/2015,30,294,2,,,,,,
10/1/2015,31,303,9,,,,,,
10/2/2015,32,314,11,,,,,,
10/3/2015,33,325,11,,,,,,
10/4/2015,34,335,10,,,,,,
10/5/2015,35,345,10,,,,,,
10/6/2015,36,355,10,,,,,,
10/7/2015,37,365,10,,,,,,
10/8/2015,38,374,9,,,,,,
10/9/2015,39,384,10,,,,,,
10/10/2015,40,393,9,,,,,,
10/11/2015,41,403,10,,,,,,
10/12/2015,42,412,9,,,,,,
10/13/2015,43,421,9,,,,,,
10/14/2015,44,430,9,,,,,,
10/15/2015,45,435,5,,,,,,
10/16/2015,46,444,9,,,,,,
10/17/2015,47,448,4,,,,,,
10/18/2015,48,457,9,,,,,,
10/19/2015,49,466,9,,,,,,
10/20/2015,50,475,9,,,,,,
10/21/2015,51,484,9,,,,,,
10/22/2015,52,493,9,,,,,,
10/23/2015,53,499,6,,,,,,
10/24/2015,54,506,7,,,,,,
10/25/2015,55,515,9,,,,,,
10/26/2015,56,523,8,,,,,,
10/27/2015,57,525,2,,,,,,
10/28/2015,58,533,8,,,,,,
10/29/2015,59,542,9,,,,,,
10/30/2015,60,550,8,,,,,,
10/31/2015,61,558,8,565,,264,,,
11/1/2015,62,562,4,,,,,,
11/2/2015,63,571,6,578,,,,,
11/3/2015,64,579,8,586,7,,,,
11/4/2015,65,588,9,595,7,,,,
11/5/2015,66,595,7,601,6,,,,
11/6/2015,67,603,8,611,8,,,,
11/7/2015,68,611,8,616,5,,,,
11/8/2015,69,615,4,619,4,,,,
11/9/2015,70,619,4,627,8,,,,
11/10/2015,71,627,8,635,8,,,,
11/11/2015,72,635,8,643,8,,,,
11/12/2015,73,643,8,651,8,,,,
11/13/2015,74,650,7,658,8,,,,
11/14/2015,75,658,8,666,8,,,,
11/15/2015,76,665,7,673,8,,,,
11/16/2015,77,673,8,682,9,,,,
11/17/2015,78,680,7,688,8,,,,
11/18/2015,79,687,7,696,9,,,,
11/19/2015,80,694,7,703,9,,,,
11/20/2015,81,701,7,710,9,,,,
11/21/2015,82,707,6,716,9,,,,
11/22/2015,83,713,6,722,9,,,,
11/23/2015,84,715,2,724,9,,,,
11/24/2015,85,720,5,729,9,,,,
11/25/2015,86,727,7,736,9,,,,
11/26/2015,87,735,8,744,9,,,,
11/27/2015,88,742,7,751,9,,,,
11/28/2015,89,750,8,759,9,,,,
11/29/2015,90,757,7,766,9,,,,
11/30/2015,91,759,2,768,9,,,,
12/1/2015,92,766,7,775,9,,,,
12/2/2015,93,770,4,779,9,,,,
12/3/2015,94,771,1,780,9,,,,
12/4/2015,95,778,7,787,9,,,,
12/5/2015,96,781,3,791,10,,,,
12/6/2015,97,783,2,792,9,,,,
12/7/2015,98,786,3,796,10,,,,
12/8/2015,99,788,2,798,10,,,,
12/9/2015,100,790,2,800,10,,,,
12/10/2015,101,795,5,805,10,,,,
12/11/2015,102,801,6,811,10,,,,
12/12/2015,103,806,5,816,10,,,,
12/13/2015,104,809,3,819,10,,,,
12/14/2015,105,816,7,826,10,,,,
12/15/2015,106,823,7,833,10,,,,
12/16/2015,107,830,7,840,10,,,,
12/17/2015,108,834,4,844,10,,,,
12/18/2015,109,836,2,846,10,,,,
12/19/2015,110,842,6,852,10,,,,
12/20/2015,111,844,2,854,10,,,,
12/21/2015,112,844,0,854,10,,,,
12/22/2015,113,847,3,857,10,,,,
12/23/2015,114,854,7,864,10,,,,
12/24/2015,115,857,3,868,11,,,,
12/25/2015,116,864,7,875,11,,,,
12/26/2015,117,871,7,882,11,,,,
12/27/2015,118,875,4,886,11,,,,
12/28/2015,119,879,4,890,11,,,,
12/29/2015,120,886,7,897,11,,,,
12/30/2015,121,888,2,899,11,,,,
12/31/2015,122,895,7,906,11,,,,
1/1/2016,123,902,7,913,11,,,,
1/2/2016,124,905,3,916,11,,,,
1/3/2016,125,908,3,920,12,,,,
1/4/2016,126,911,3,923,12,,,,
1/5/2016,127,913,2,924,11,,,,
1/6/2016,128,915,2,927,12,,,,
1/7/2016,129,921,6,932,11,,,,
1/8/2016,130,924,3,935,11,,,,
1/9/2016,131,925,1,937,12,,,,
1/10/2016,132,928,3,940,12,,,,
1/11/2016,133,932,4,943,11,,,,
1/12/2016,134,936,4,947,11,,,,
1/13/2016,135,942,6,954,12,,,,
1/14/2016,136,944,2,956,12,,,,
1/15/2016,137,950,6,962,12,,,,
1/16/2016,138,952,2,963,11,,,,
1/17/2016,139,952,0,964,12,,,,
1/18/2016,140,955,3,967,12,,,,
1/19/2016,141,958,3,970,12,,,,
1/20/2016,142,964,6,976,12,,,,
1/21/2016,143,968,4,980,12,,,,
1/22/2016,144,969,1,981,12,,,,
1/23/2016,145,975,6,987,12,,,,
1/24/2016,146,982,7,994,12,,,,
1/25/2016,147,987,5,999,12,,,,
1/26/2016,148,994,7,1006,12,1.01,1.01,,
1/27/2016,149,1002,8,1014,12,1.01,1.01,,
1/28/2016,150,1005,3,1017,12,1.02,1.02,,
1/29/2016,151,1006,1,1018,12,1.02,1.02,,
1/30/2016,152,1012,6,1024,12,1.02,1.02,,
1/31/2016,153,1021,9,1033,12,1.03,1.03,,
2/1/2016,154,1030,9,1042,12,1.04,1.04,,
2/2/2016,155,1036,6,1048,12,1.05,1.05,,
2/3/2016,156,1041,5,1053,12,1.05,1.05,,
2/4/2016,157,1048,7,1060,12,1.06,1.06,,
2/5/2016,158,1056,8,1068,12,1.07,1.07,,
2/6/2016,159,1063,7,1075,12,1.08,1.08,,
2/7/2016,160,1072,9,1085,13,1.09,1.09,,
2/8/2016,161,1081,9,1094,13,1.09,1.09,,
2/9/2016,162,1087,6,1100,13,1.1,1.1,,
2/10/2016,163,1095,8,1108,13,1.11,1.11,,
2/11/2016,164,1102,7,1115,13,1.12,1.12,,
2/12/2016,165,1110,8,1123,13,1.12,1.12,,
2/13/2016,166,1119,9,1132,13,1.13,1.13,,
2/14/2016,167,1127,8,1140,13,1.14,1.14,,
2/15/2016,168,1135,9,1148,13,1.15,1.15,,
2/16/2016,169,1144,9,1157,13,1.16,1.16,,
2/17/2016,170,1148,4,1161,13,1.16,1.16,,
2/18/2016,171,1156,8,1169,13,1.17,1.17,,
2/19/2016,172,1159,3,1172,13,1.17,1.17,,
2/20/2016,173,1168,9,1181,13,1.18,1.18,,
2/21/2016,174,1178,10,1191,13,1.19,1.19,,
2/22/2016,175,1187,9,1201,14,1.2,1.2,,
2/23/2016,176,1196,9,1210,14,1.21,1.21,,
2/24/2016,177,1206,10,1220,14,1.22,1.22,,
2/25/2016,178,1215,9,1229,14,1.23,1.23,,
2/26/2016,179,1224,9,1239,15,1.24,1.24,,
2/27/2016,180,1233,9,1248,15,1.25,1.25,,
2/28/2016,181,1239,6,1254,15,1.25,1.25,,
2/29/2016,182,1249,10,1264,15,1.26,1.26,,
3/1/2016,183,1259,10,1274,15,1.27,1.27,,
3/2/2016,184,1267,8,1282,15,1.28,1.28,,
3/3/2016,185,1270,3,1285,15,1.29,1.29,,
3/4/2016,186,1271,1,1286,15,1.29,1.29,,
3/5/2016,187,1273,2,1288,15,1.29,1.29,,
3/6/2016,188,1278,5,1293,15,1.29,1.29,,
3/7/2016,189,1284,6,1299,15,1.3,1.3,,
3/8/2016,190,1289,5,1304,15,1.3,1.3,,
3/9/2016,191,1292,3,1307,15,1.31,1.31,,
3/10/2016,192,1293,1,1308,15,1.31,1.31,,
3/11/2016,193,1297,4,1312,15,1.31,1.31,,
3/12/2016,194,1300,3,1315,15,1.32,1.32,,
3/13/2016,195,1301,1,1316,15,1.32,1.32,,
3/14/2016,196,1311,10,1326,15,1.33,1.33,,
3/15/2016,197,1322,11,1337,15,1.34,1.34,,
3/16/2016,198,1333,11,1348,15,1.35,1.35,,
3/17/2016,199,1344,11,1359,15,1.36,1.36,,
3/18/2016,200,1354,10,1369,15,1.37,1.37,,
3/19/2016,201,1363,9,1378,15,,1.38,,
3/20/2016,202,1367,4,1382,15,,1.38,,
3/21/2016,203,1371,4,1386,15,,1.39,,
3/22/2016,204,1382,11,1397,15,,1.4,,
3/23/2016,205,1393,11,1408,15,,1.41,,
3/24/2016,206,1405,12,1421,16,,1.42,,
3/25/2016,207,1417,12,1434,17,1.43,1.43,,
3/26/2016,208,1428,11,1445,17,1.45,1.45,,
3/27/2016,209,1438,10,1455,17,1.46,1.46,,
3/28/2016,210,1449,11,1467,18,1.47,1.47,,
3/29/2016,211,1461,12,1479,18,1.48,1.48,,
3/30/2016,212,1473,12,1492,19,1.49,1.49,,
3/31/2016,213,1485,12,1504,19,1.5,1.5,,
4/1/2016,214,1496,11,1515,19,1.52,1.52,,
4/2/2016,215,1508,12,1527,19,1.53,1.53,,
4/3/2016,216,1519,11,1538,19,1.54,1.54,,
4/4/2016,217,1531,12,1550,19,1.55,1.55,,
4/5/2016,218,1543,12,1562,19,1.56,1.56,,
4/6/2016,219,1554,11,1573,19,1.57,1.57,,
4/7/2016,220,1563,9,1582,19,1.58,1.58,,
4/8/2016,221,1567,4,1586,19,1.59,1.59,,
4/9/2016,222,1570,3,1589,19,1.59,1.59,,
4/10/2016,223,1574,4,1593,19,1.59,1.59,,
4/11/2016,224,1583,9,1602,19,1.6,1.6,,
4/12/2016,225,1593,10,1612,19,1.61,1.61,,
4/13/2016,226,1605,12,1624,19,1.62,1.62,,
4/14/2016,227,1617,12,1636,19,1.64,1.64,,
4/15/2016,228,1630,13,1649,19,1.65,1.65,,
4/16/2016,229,1643,13,1662,19,1.66,1.66,,
4/17/2016,230,1655,12,1674,19,1.67,1.67,,
4/18/2016,231,1667,12,1686,19,1.69,1.69,,
4/19/2016,232,1675,8,1694,19,1.69,1.69,,
4/20/2016,233,1687,12,1706,19,1.71,1.71,,
4/21/2016,234,1696,9,1715,19,1.72,1.72,,
4/22/2016,235,1704,8,1722,18,1.72,1.72,,
4/23/2016,236,1716,12,1735,19,1.74,1.74,,
4/24/2016,237,1729,13,1748,19,1.75,1.75,,
4/25/2016,238,1742,13,1761,19,1.76,1.76,,
4/26/2016,239,1754,12,1773,19,1.77,1.77,,
4/27/2016,240,1762,8,1781,19,1.78,1.78,,
4/28/2016,241,1775,13,1795,20,1.8,1.8,,
4/29/2016,242,1788,13,1808,20,1.81,1.81,,
4/30/2016,243,1801,13,1821,20,1.82,1.82,,
5/1/2016,244,1813,12,1833,20,1.83,1.83,,
5/2/2016,245,1826,13,1846,20,1.85,1.85,,
5/3/2016,246,1835,9,1855,20,1.86,1.86,,
5/4/2016,247,1845,10,1865,20,1.87,1.87,,
5/5/2016,248,1852,7,1872,20,1.87,1.87,,
5/6/2016,249,1854,2,1875,21,1.88,1.88,,
5/7/2016,250,1857,3,1878,21,1.88,1.88,,
5/8/2016,251,1867,10,1888,21,1.89,1.89,,
5/9/2016,252,1879,12,1900,21,1.9,1.9,,
5/10/2016,253,1892,13,1915,23,1.92,1.92,,
5/11/2016,254,1906,14,1929,23,1.93,1.93,,
5/12/2016,255,1919,13,1942,23,1.94,1.94,,
5/13/2016,256,1932,13,1954,22,1.95,1.95,,
5/14/2016,257,1943,11,1965,22,1.97,1.97,,
5/15/2016,258,1956,13,1978,22,1.98,1.98,,
5/16/2016,259,1970,14,1991,21,1.99,1.99,,
5/17/2016,260,1982,12,2005,23,2.01,2.01,,
5/18/2016,261,1995,13,2018,23,2.02,2.02,,
5/19/2016,262,2007,12,2030,23,2.03,2.03,,
5/20/2016,263,2019,12,2042,23,2.04,2.04,,
5/21/2016,264,2030,11,2053,23,2.05,2.05,,
5/22/2016,265,2039,9,2062,23,2.06,2.06,,
5/23/2016,266,2051,12,2074,23,2.07,2.07,,
5/24/2016,267,2057,6,2080,23,2.08,2.08,,
5/25/2016,268,2065,8,2088,23,2.09,2.09,,
5/26/2016,269,2079,14,2102,23,2.1,2.1,,
5/27/2016,270,2092,13,2115,23,2.12,2.12,,
5/28/2016,271,2104,12,2127,23,2.13,2.13,,
5/29/2016,272,2117,13,2140,23,2.14,2.14,,
5/30/2016,273,2130,13,2153,23,2.15,2.15,,
5/31/2016,274,2143,13,2166,23,2.17,2.17,,
6/1/2016,275,2157,14,2180,23,2.18,2.18,,
6/2/2016,276,2170,13,2195,25,2.2,2.2,,
6/3/2016,277,2183,13,2208,25,2.21,2.21,,
6/4/2016,278,2193,10,2218,25,2.22,2.22,,
6/5/2016,279,2207,14,2232,25,2.23,2.23,,
6/6/2016,280,2220,13,2245,25,2.25,2.25,,
6/7/2016,281,2231,11,2256,25,2.26,2.26,,
6/8/2016,282,2243,12,2268,25,2.27,2.27,,
6/9/2016,283,2252,9,2277,25,2.28,2.28,,
6/10/2016,284,2263,11,2288,25,2.29,2.29,,
6/11/2016,285,2275,12,2300,25,2.3,2.3,,
6/12/2016,286,2288,13,2313,25,2.31,2.31,,
6/13/2016,287,2303,15,2328,25,2.33,2.33,,
6/14/2016,288,2315,12,2340,25,2.34,2.34,,
6/15/2016,289,2328,13,2353,25,2.35,2.35,,
6/16/2016,290,2341,13,2366,25,2.37,2.37,,
6/17/2016,291,2348,7,2373,25,2.37,2.37,,
6/18/2016,292,2361,13,2386,25,2.39,2.39,,
6/19/2016,293,2373,12,2398,25,2.4,2.4,,
6/20/2016,294,2385,12,2410,25,2.41,2.41,,
6/21/2016,295,2398,13,2425,27,2.43,2.43,,
6/22/2016,296,2412,14,2439,27,2.44,2.44,,
6/23/2016,297,2424,12,2451,27,2.45,2.45,,
6/24/2016,298,2438,14,2465,27,2.47,2.47,,
6/25/2016,299,2451,13,2478,27,2.48,2.48,,
6/26/2016,300,2463,12,2490,27,2.49,2.49,,
6/27/2016,301,2475,12,2502,27,2.5,2.5,,
6/28/2016,302,2488,13,2515,27,2.52,2.52,,
6/29/2016,303,2501,13,2528,27,2.53,2.53,,
6/30/2016,304,2514,13,2541,27,2.54,2.54,,
7/1/2016,305,2527,13,2555,28,2.56,2.56,,
7/2/2016,306,2539,12,2567,28,2.57,2.57,,
7/3/2016,307,2553,14,2581,28,2.58,2.58,,
7/4/2016,308,2566,13,2595,29,2.6,2.6,,
7/5/2016,309,2578,12,2607,29,2.61,2.61,,
7/6/2016,310,2588,10,2617,29,2.62,2.62,,
7/7/2016,311,2594,6,2623,29,2.62,2.62,,
7/8/2016,312,2607,13,2636,29,2.64,2.64,,
7/9/2016,313,2620,13,2649,29,2.65,2.65,,
7/10/2016,314,2633,13,2662,29,2.66,2.66,,
7/11/2016,315,2646,13,2675,29,2.68,2.68,,
7/12/2016,316,2659,13,2688,29,2.69,2.69,,
7/13/2016,317,2672,13,2701,29,2.7,2.7,,
7/14/2016,318,2685,13,2715,30,2.72,2.72,,
7/15/2016,319,2698,13,2728,30,2.73,2.73,,
7/16/2016,320,2711,13,2741,30,2.74,2.74,,
7/17/2016,321,2721,10,2751,30,2.75,2.75,,
7/18/2016,322,2732,11,2762,30,2.76,2.76,,
7/19/2016,323,2744,12,2775,31,2.78,2.78,,
7/20/2016,324,2757,13,2788,31,2.79,2.79,,
7/21/2016,325,2770,13,2801,31,2.8,2.8,,
7/22/2016,326,2783,13,2814,31,2.81,2.81,,
7/23/2016,327,2795,12,2826,31,2.83,2.83,,
7/24/2016,328,2808,13,2839,31,2.84,2.84,,
7/25/2016,329,2821,13,2852,31,2.85,2.85,,
7/26/2016,330,2833,12,2864,31,2.86,2.86,,
7/27/2016,331,2845,12,2876,31,2.88,2.88,,
7/28/2016,332,2857,12,2888,31,2.89,2.89,,
7/29/2016,333,2869,12,2900,31,2.9,2.9,,
7/30/2016,334,2882,13,2913,31,2.91,2.91,,
7/31/2016,335,2895,13,2926,31,2.93,2.93,,
8/1/2016,336,2908,13,2939,31,2.94,2.94,,
8/2/2016,337,2921,13,2952,31,2.95,2.95,,
8/3/2016,338,2933,12,2965,32,2.97,2.97,,
8/4/2016,339,2939,6,2971,32,2.97,2.97,,
8/5/2016,340,2950,11,2982,32,2.98,2.98,,
8/6/2016,341,2961,11,2993,32,3,2.99,,
8/7/2016,342,2974,13,3006,32,3.01,3.01,,
8/8/2016,343,2987,13,3019,32,3.02,3.02,,
8/9/2016,344,2999,12,3031,32,3.03,3.03,,
8/10/2016,345,3012,13,3045,33,3.05,3.05,,
8/11/2016,346,3024,12,3057,33,3.06,3.06,,
8/12/2016,347,3036,12,3069,33,3.07,3.07,,
8/13/2016,348,3048,12,3081,33,3.08,3.08,,
8/14/2016,349,3060,12,3093,33,3.09,3.09,,
8/15/2016,350,3072,12,3105,33,3.11,3.11,,
8/16/2016,351,3084,12,3117,33,3.12,3.12,,
8/17/2016,352,3096,12,3129,33,3.13,3.13,,
8/18/2016,353,3107,11,3140,33,3.14,3.14,,
8/19/2016,354,3119,12,3153,34,3.15,3.15,,
8/20/2016,355,3130,11,3165,35,3.17,3.17,,
8/21/2016,356,3140,10,3175,35,3.18,3.18,,
8/22/2016,357,3150,10,3185,35,3.19,3.19,,
8/23/2016,358,3161,11,3196,35,3.2,3.2,,
8/24/2016,359,3172,11,3207,35,3.21,3.21,,
8/25/2016,360,3182,10,3217,35,3.22,3.22,,
8/26/2016,361,3193,11,3228,35,3.23,3.23,,
8/27/2016,362,3204,11,3239,35,3.24,3.24,,
8/28/2016,363,3215,11,3250,35,3.25,3.25,,
8/29/2016,364,3226,11,3261,35,3.26,3.26,,
8/30/2016,365,3238,12,3273,35,3.27,3.27,,
8/31/2016,366,3249,11,3284,35,3.28,3.28,,
9/1/2016,367,3256,7,3291,35,3.29,3.29,,
9/2/2016,368,3267,11,3302,35,3.3,3.3,,
9/3/2016,369,3274,7,3309,35,3.31,3.31,,
9/4/2016,370,3285,11,3320,35,3.32,3.32,,
9/5/2016,371,3296,11,3331,35,3.33,3.33,,
9/6/2016,372,3306,10,3341,35,3.34,3.34,,
9/7/2016,373,3317,11,3353,36,3.35,3.35,,
9/8/2016,374,3328,11,3365,37,3.37,3.37,,
9/9/2016,375,3338,10,3375,37,3.38,3.38,,
9/10/2016,376,3349,11,3386,37,3.39,3.39,,
9/11/2016,377,3359,10,3396,37,3.4,3.4,,
9/12/2016,378,3365,6,3402,37,3.4,3.4,,
9/13/2016,379,3375,10,3412,37,3.41,3.41,,
9/14/2016,380,3385,10,3422,37,3.42,3.42,,
9/15/2016,381,3397,12,3435,38,3.44,3.44,,
9/16/2016,382,3407,10,3445,38,3.45,3.45,,
9/17/2016,383,3418,11,3456,38,3.46,3.46,,
9/18/2016,384,3428,10,3466,38,3.47,3.47,,
9/19/2016,385,3437,9,3475,38,3.48,3.48,,
9/20/2016,386,3447,10,3485,38,3.49,3.49,,
9/21/2016,387,3458,11,3496,38,3.5,3.5,,
9/22/2016,388,3468,10,3506,38,3.51,3.51,,
9/23/2016,389,3478,10,3516,38,3.52,3.52,,
9/24/2016,390,3488,10,3526,38,3.53,3.53,,
9/25/2016,391,3497,9,3535,38,3.54,3.54,,
9/26/2016,392,3507,10,3545,38,3.55,3.55,,
9/27/2016,393,3517,10,3555,38,3.56,3.56,,
9/28/2016,394,3527,10,3565,38,3.57,3.57,,
9/29/2016,395,3536,9,3575,39,3.57,3.58,,
9/30/2016,396,3545,9,3585,40,3.59,3.59,,
10/1/2016,397,3555,10,3595,40,3.6,3.6,,
10/2/2016,398,3564,9,3604,40,3.6,3.6,,
10/3/2016,399,3567,3,3607,40,3.61,3.61,,
10/4/2016,400,3576,9,3616,40,3.62,3.62,,
10/5/2016,401,3586,10,3626,40,3.63,3.63,,
10/6/2016,402,3595,9,3635,40,3.64,3.64,,
10/7/2016,403,3605,10,3645,40,3.65,3.65,,
10/8/2016,404,3614,9,3654,40,3.65,3.65,,
10/9/2016,405,3624,10,3664,40,3.66,3.66,,
10/10/2016,406,3633,9,3673,40,3.67,3.67,,
10/11/2016,407,3641,8,3681,40,3.68,3.68,,
10/12/2016,408,3648,7,3688,40,3.69,3.69,,
10/13/2016,409,3655,7,3695,40,3.7,3.7,,
10/14/2016,410,3656,1,3696,40,3.7,3.7,,
10/15/2016,411,3660,4,3700,40,3.7,3.7,,
10/16/2016,412,3662,2,3702,40,3.7,3.7,,
10/17/2016,413,3671,9,3711,40,3.71,3.71,,
10/18/2016,414,3680,9,3720,40,3.72,3.72,,
10/19/2016,415,3689,9,3729,40,3.73,3.73,,
10/20/2016,416,3698,9,3738,40,3.74,3.74,,
10/21/2016,417,3707,9,3747,40,3.75,3.75,,
10/22/2016,418,3714,7,3755,41,3.76,3.76,,
10/23/2016,419,3723,9,3764,41,3.76,3.76,,
10/24/2016,420,3725,2,3766,41,3.77,3.77,,
10/25/2016,421,3727,2,3768,41,3.77,3.77,,
10/26/2016,422,3736,9,3777,41,3.78,3.78,,
10/27/2016,423,3737,1,3778,41,3.78,3.78,,
10/28/2016,424,3741,4,3782,41,3.78,3.78,,
10/29/2016,425,3749,8,3790,41,3.79,3.79,,
10/30/2016,426,3754,5,3795,41,3.8,3.8,,
10/31/2016,427,3759,5,3800,41,3.8,3.8,,
11/1/2016,428,3767,8,3808,41,3.81,3.81,,
11/2/2016,429,3775,8,3816,41,3.82,3.82,,
11/3/2016,430,3783,8,3825,42,3.83,3.83,,
11/4/2016,431,3791,8,3833,42,3.83,3.83,,
11/5/2016,432,3798,7,3840,42,3.84,3.84,,
11/6/2016,433,3802,4,3845,43,3.85,3.85,,
11/7/2016,434,3807,5,3850,43,3.85,3.85,,
11/8/2016,435,3814,7,3857,43,3.86,3.86,,
11/9/2016,436,3822,8,3864,42,3.86,3.86,,
11/10/2016,437,3828,6,3871,43,3.87,3.87,,
11/11/2016,438,3832,4,3874,42,3.87,3.87,,
11/12/2016,439,3839,7,3881,42,3.88,3.88,,
11/13/2016,440,3846,7,3888,42,3.89,3.89,,
11/14/2016,441,3852,6,3895,43,3.9,3.9,,
11/15/2016,442,3853,1,3896,43,3.9,3.9,,
11/16/2016,443,3861,8,3904,43,3.9,3.9,,
11/17/2016,444,3868,7,3911,43,3.91,3.91,,
11/18/2016,445,3875,7,3918,43,3.92,3.92,,
11/19/2016,446,3876,1,3919,43,3.92,3.92,,
11/20/2016,447,3878,2,3921,43,3.92,3.92,,
11/21/2016,448,3884,6,3927,43,3.93,3.93,,
11/22/2016,449,3889,5,3932,43,3.93,3.93,,
11/23/2016,450,3895,6,3938,43,3.94,3.94,,
11/24/2016,451,3901,6,3945,44,3.95,3.95,,
11/25/2016,452,3905,4,3949,44,3.95,3.95,,
11/26/2016,453,3911,6,3955,44,3.96,3.96,,
11/27/2016,454,3913,2,3957,44,3.96,3.96,,
11/28/2016,455,3918,5,3962,44,3.96,3.96,,
11/29/2016,456,3925,7,3969,44,3.97,3.97,,
11/30/2016,457,3927,2,3971,44,3.97,3.97,,
12/1/2016,458,3934,7,3978,44,3.98,3.98,,
12/2/2016,459,3941,7,3985,44,3.99,3.99,,
12/3/2016,460,3947,6,3991,44,3.99,3.99,,
12/4/2016,461,3952,5,3996,44,4,4,,
12/5/2016,462,3954,2,3998,44,4,4,,
12/6/2016,463,3959,5,4003,44,4,4,,
12/7/2016,464,3961,2,4005,44,4.01,4.01,,
12/8/2016,465,3962,1,4006,44,4.01,4.01,,
12/9/2016,466,3964,2,4008,44,4.01,4.01,,
12/10/2016,467,3965,1,4009,44,4.01,4.01,,
12/11/2016,468,3968,3,4012,44,4.01,4.01,,
12/12/2016,469,3971,3,4015,44,4.02,4.02,,
12/13/2016,470,3973,2,4017,44,4.02,4.02,,
12/14/2016,471,3975,2,4019,44,4.02,4.02,,
12/15/2016,472,3975,0,4019,44,4.02,4.02,,
12/16/2016,473,3982,7,4026,44,4.03,4.03,,
12/17/2016,474,3989,7,4033,44,4.03,4.03,,
12/18/2016,475,3995,6,4039,44,4.04,4.04,,
12/19/2016,476,4002,7,4046,44,4.05,4.05,,
12/20/2016,477,4007,5,4052,45,4.05,4.05,,
12/21/2016,478,4012,5,4057,45,4.06,4.06,,
12/22/2016,479,4020,8,4065,45,4.07,4.07,,
12/23/2016,480,4021,1,4066,45,4.07,4.07,,
12/24/2016,481,4028,7,4073,45,4.07,4.07,,
12/25/2016,482,4033,5,4078,45,4.08,4.08,,
12/26/2016,483,4039,6,4084,45,4.08,4.08,,
12/27/2016,484,4044,5,4089,45,4.09,4.09,,
12/28/2016,485,4051,7,4096,45,4.1,4.1,,
12/29/2016,486,4057,6,4102,45,4.1,4.1,,
12/30/2016,487,4063,6,4108,45,4.11,4.11,,
12/31/2016,488,4067,4,4112,45,4.11,4.11,,
1/1/2017,489,4073,6,4118,45,4.12,4.12,,
1/2/2017,490,4077,4,4122,45,4.12,4.12,,
1/3/2017,491,4078,1,4123,45,4.12,4.12,,
1/4/2017,492,4078,0,4123,45,4.12,4.12,,
1/5/2017,493,4085,7,4130,45,4.13,4.13,,
1/6/2017,494,4090,5,4135,45,4.14,4.14,,
1/7/2017,495,4091,1,4136,45,4.14,4.14,,
1/8/2017,496,4091,0,4136,45,4.14,4.14,,
1/9/2017,497,4093,2,4138,45,4.14,4.14,,
1/10/2017,498,4094,1,4139,45,4.14,4.14,,
1/11/2017,499,4097,3,4142,45,4.14,4.14,,
1/12/2017,500,4100,3,4145,45,4.15,4.15,,
1/13/2017,501,4107,7,4152,45,4.15,4.15,,
1/14/2017,502,4114,7,4159,45,4.16,4.16,,
1/15/2017,503,4121,7,4166,45,4.17,4.17,,
1/16/2017,504,4128,7,4173,45,4.17,4.17,,
1/17/2017,505,4134,6,4179,45,4.18,4.18,,
1/18/2017,506,4135,1,4180,45,4.18,4.18,,
1/19/2017,507,4140,5,4185,45,4.19,4.19,,
1/20/2017,508,4144,4,4189,45,4.19,4.19,,
1/21/2017,509,4146,2,4191,45,4.19,4.19,,
1/22/2017,510,4149,3,4195,46,4.2,4.2,,
1/23/2017,511,4154,5,4200,46,4.2,4.2,,
1/24/2017,512,4162,8,4208,46,4.21,4.21,,
1/25/2017,513,4168,6,4215,47,4.22,4.22,,
1/26/2017,514,4176,8,4223,47,4.22,4.22,,
1/27/2017,515,4183,7,4230,47,4.23,4.23,,
1/28/2017,516,4191,8,4238,47,4.24,4.24,,
1/29/2017,517,4198,7,4245,47,4.25,4.25,,
1/30/2017,518,4205,7,4252,47,2.25,4.25,,
1/31/2017,519,4211,6,4258,47,4.26,4.26,,
2/1/2017,520,4212,1,4260,48,4.26,4.26,,1.49
2/2/2017,521,4215,3,4263,48,,4.26,,3.32
2/3/2017,522,4218,3,4266,48,,4.27,,2.88
2/4/2017,523,4221,3,4269,48,,4.27,,3.12
2/5/2017,524,4224,3,4272,48,,4.27,,2.87
2/6/2017,525,4225,1,4273,48,,4.27,,1.3
2/7/2017,526,4226,1,4274,48,,4.27,,1.3
2/8/2017,527,4227,1,4274,47,,4.27,,0.39
2/9/2017,528,4227,0,4275,48,,4.28,,0.5
2/10/2017,529,4235,8,4282,47,,4.28,,7.71
2/11/2017,530,4244,9,4291,47,,4.29,,9.03
2/12/2017,531,4252,8,4299,47,,4.3,,8.4
2/13/2017,532,4259,7,4306,47,,4.31,,6.7
2/14/2017,533,4268,9,4315,47,,4.32,,8.62
2/15/2017,534,4272,4,4319,47,,4.32,,3.84
2/16/2017,535,4281,9,4328,47,,4.33,,9.3
2/17/2017,536,4282,1,4329,47,,4.33,,0.96
2/18/2017,537,4288,6,4335,47,,4.34,,6.48
2/19/2017,538,4290,2,4337,47,,4.34,,2.2
2/20/2017,539,4291,1,4338,47,,4.34,,0.94
2/21/2017,540,4296,5,4342,46,,4.34,,5.04
2/22/2017,541,4305,9,4351,46,,4.35,,8.77
2/23/2017,542,4315,10,4362,47,4.36,4.36,,10.39
2/24/2017,543,4324,9,4371,47,4.37,4.37,,
2/25/2017,544,4332,8,4379,47,4.38,4.38,,
2/26/2017,545,4341,9,4389,48,4.39,4.39,,
2/27/2017,546,4352,11,4399,47,4.4,4.4,,
2/28/2017,547,4363,11,4410,47,4.41,4.41,,
3/1/2017,548,4372,9,4419,47,4.42,4.42,,
3/2/2017,549,4382,10,4429,47,4.43,4.43,,
3/3/2017,550,4391,9,4438,47,4.44,4.44,,
3/4/2017,551,4397,6,4444,47,4.44,4.44,,
3/5/2017,552,4406,9,4453,47,4.45,4.45,,
3/6/2017,553,4412,6,4459,47,4.46,4.46,,
3/7/2017,554,4420,8,4467,47,4.47,4.47,,
3/8/2017,555,4430,10,4477,47,4.48,4.48,,
3/9/2017,556,4439,9,4486,47,4.49,4.49,,
3/10/2017,557,4446,7,4495,49,4.5,4.5,,
3/11/2017,558,4456,10,4505,49,4.51,4.51,,
3/12/2017,559,4466,10,4515,49,4.52,4.52,,
3/13/2017,560,4477,11,4526,49,4.53,4.53,,
3/14/2017,561,4487,10,4536,49,4.54,4.54,,
3/15/2017,562,4495,8,4545,50,4.55,4.55,,
3/16/2017,563,4503,8,4553,50,4.55,4.55,,
3/17/2017,564,4513,10,4563,50,4.56,4.56,,
3/18/2017,565,4520,7,4570,50,4.57,4.57,,
3/19/2017,566,4525,5,4575,50,4.58,4.58,,
3/20/2017,567,4527,2,4577,50,4.58,4.58,,
3/21/2017,568,4538,11,4588,50,4.59,4.59,,
3/22/2017,569,4547,9,4597,50,4.6,4.6,,
3/23/2017,570,4557,10,4607,50,4.61,4.61,,
3/24/2017,571,4558,1,4608,50,4.61,4.61,,
3/25/2017,572,4569,11,4619,50,4.62,4.62,,
3/26/2017,573,4575,6,4625,50,4.63,4.63,,
3/27/2017,574,4586,11,4636,50,4.64,4.64,,
3/28/2017,575,4598,12,4648,50,4.65,4.65,,
3/29/2017,576,4609,11,4659,50,4.66,4.66,,
3/30/2017,577,4621,12,4671,50,4.67,4.67,,
3/31/2017,578,4633,12,4685,52,4.69,4.69,,
4/1/2017,579,4644,11,4696,52,4.7,4.7,,
4/2/2017,580,4656,12,4708,52,4.71,4.71,,
4/3/2017,581,4668,12,4720,52,4.72,4.72,,
4/4/2017,582,4677,9,4729,52,4.73,4.73,,
4/5/2017,583,4685,8,4737,52,4.74,4.74,,
4/6/2017,584,4687,2,4739,52,4.74,4.74,,
4/7/2017,585,4693,6,4745,52,4.75,4.75,,
4/8/2017,586,4704,11,4756,52,4.76,4.76,,
4/9/2017,587,4716,12,4768,52,4.77,4.77,,
4/10/2017,588,4727,11,4779,52,4.78,4.78,,
4/11/2017,589,4731,4,4783,52,4.78,4.78,,
4/12/2017,590,4738,7,4790,52,4.79,4.79,,
4/13/2017,591,4749,11,4801,52,4.8,4.8,,
4/14/2017,592,4761,12,4815,54,4.82,4.82,,
4/15/2017,593,4771,10,4824,53,4.82,4.82,,
4/16/2017,594,4773,2,4826,53,4.83,4.83,,
4/17/2017,595,4776,3,4829,53,4.83,4.83,,
4/18/2017,596,4788,12,4841,53,4.84,4.84,,
4/19/2017,597,4800,12,4853,53,4.85,4.85,,
4/20/2017,598,4812,12,4865,53,4.87,4.87,,
4/21/2017,599,4824,12,4877,53,4.88,4.88,,
4/22/2017,600,4831,7,4885,54,4.89,4.89,,
4/23/2017,601,4843,12,4897,54,4.9,4.9,,
4/24/2017,602,4848,5,4902,54,4.9,4.9,,
4/25/2017,603,4859,11,4913,54,4.91,4.91,,
4/26/2017,604,4863,4,4917,54,4.92,4.92,,
4/27/2017,605,4875,12,4929,54,4.93,4.93,,
4/28/2017,606,4888,13,4942,54,4.94,4.94,,
4/29/2017,607,4901,13,4955,54,4.96,4.96,,
4/30/2017,608,4913,12,4967,54,4.97,4.97,,
5/1/2017,609,4925,12,4979,54,4.98,4.98,,
5/2/2017,610,4937,12,4991,54,4.99,4.99,,
5/3/2017,611,4948,11,5003,55,5,5,,
5/4/2017,612,4960,12,5015,55,5.02,5.02,,
5/5/2017,613,4973,13,5028,55,5.03,5.03,,
5/6/2017,614,4983,10,5038,55,5.04,5.04,,
5/7/2017,615,4995,12,5050,55,5.05,5.05,,
5/8/2017,616,5008,13,5063,55,5.06,5.06,,
5/9/2017,617,5020,12,5075,55,5.08,5.08,,
5/10/2017,618,5032,12,5087,55,5.09,5.09,,
5/11/2017,619,5043,11,5098,55,5.1,5.1,,
5/12/2017,620,5056,13,5111,55,5.11,5.11,,
5/13/2017,621,5068,12,5123,55,5.12,5.12,,
5/14/2017,622,5082,14,5137,55,5.14,5.14,,
5/15/2017,623,5094,12,5149,55,5.15,5.15,,
5/16/2017,624,5103,9,5158,55,5.16,5.16,,
5/17/2017,625,5116,13,5171,55,5.17,5.17,,
5/18/2017,626,5128,12,5185,57,5.19,5.19,,
5/19/2017,627,5140,12,5197,57,5.2,5.2,,
5/20/2017,628,5152,12,5209,57,5.21,5.21,,
5/21/2017,629,5165,13,5222,57,5.22,5.22,,
5/22/2017,630,5177,12,5235,58,5.24,5.24,,
5/23/2017,631,5190,13,5248,58,5.25,5.25,,
5/24/2017,632,5202,12,5260,58,5.26,5.26,,
5/25/2017,633,5214,12,5272,58,5.27,5.27,,
5/26/2017,634,5222,8,5280,58,5.28,5.28,,
5/27/2017,635,5235,13,5293,58,5.29,5.29,,
5/28/2017,636,5244,9,5302,58,5.3,5.3,,
5/29/2017,637,5251,7,5309,58,5.31,5.31,,
5/30/2017,638,5260,9,5318,58,5.32,5.32,,
5/31/2017,639,5272,12,5330,58,5.33,5.33,,
6/1/2017,640,5284,12,5342,58,5.34,5.34,,
6/2/2017,641,5297,13,5355,58,5.36,5.36,,
6/3/2017,642,5309,12,5367,58,5.37,5.37,,
6/4/2017,643,5322,13,5380,58,5.38,5.38,,
6/5/2017,644,5334,12,5392,58,3.39,5.39,,
6/6/2017,645,5347,13,5405,58,5.41,5.41,,
6/7/2017,646,5355,8,5415,60,5.42,5.42,,
6/8/2017,647,5361,6,5421,60,5.42,5.42,,
6/9/2017,648,5374,13,5434,60,5.43,5.43,,
6/10/2017,649,5387,13,5447,60,5.45,5.45,,
6/11/2017,650,5400,13,5460,60,5.46,5.46,,
6/12/2017,651,5412,12,5472,60,5.47,5.47,,
6/13/2017,652,5424,12,5485,61,5.49,5.49,,
6/14/2017,653,5437,13,5498,61,5.5,5.5,,
6/15/2017,654,5450,13,5511,61,5.51,5.51,,
6/16/2017,655,5462,12,5523,61,5.52,5.52,,
6/17/2017,656,5474,12,5534,60,5.53,5.53,,
6/18/2017,657,5485,11,5545,60,5.55,5.55,,
6/19/2017,658,5497,12,5557,60,5.56,5.56,,
6/20/2017,659,5509,12,5569,60,5.57,5.57,,
6/21/2017,660,5522,13,5582,60,5.58,5.58,,
6/22/2017,661,5534,12,5595,61,5.6,5.6,,
6/23/2017,662,5546,12,5607,61,5.61,5.61,,
6/24/2017,663,5557,11,5618,61,5.62,5.62,,
6/25/2017,664,5569,12,5630,61,5.63,5.63,,
6/26/2017,665,5582,13,5643,61,5.64,5.64,,
6/27/2017,666,5592,10,5653,61,5.65,5.65,,
6/28/2017,667,5603,11,5665,62,5.67,5.67,,
6/29/2017,668,5616,13,5678,62,5.68,5.68,,
6/30/2017,669,5628,12,5690,62,5.69,5.69,,
7/1/2017,670,5641,13,5703,62,5.7,5.7,,
7/2/2017,671,5653,12,5715,62,5.72,5.72,,
7/3/2017,672,5666,13,5728,62,5.73,5.73,,
7/4/2017,673,5680,14,5742,62,5.74,5.74,,
7/5/2017,674,5692,12,5755,63,5.76,5.76,,
7/6/2017,675,5704,12,5767,63,5.77,5.77,,
7/7/2017,676,5716,12,5779,63,5.78,5.78,,
7/8/2017,677,5728,12,5791,63,5.79,5.79,,
7/9/2017,678,5740,12,5803,63,5.8,5.8,,
7/10/2017,679,5752,12,5815,63,5.82,5.82,,
7/11/2017,680,5764,12,5827,63,5.83,5.83,,
7/12/2017,681,5776,12,5839,63,5.84,5.84,,
7/13/2017,682,5789,13,5852,63,5.85,5.85,,
7/14/2017,683,5801,12,5865,64,5.87,5.87,,
7/15/2017,684,5813,12,5877,64,5.88,5.88,,
7/16/2017,685,5824,11,5888,64,5.89,5.89,,
7/17/2017,686,5836,12,5900,64,5.9,5.9,,
7/18/2017,687,5849,13,5913,64,5.91,5.91,,
7/19/2017,688,5861,12,5925,64,5.93,5.93,,
7/20/2017,689,5873,12,5937,64,5.94,5.94,,
7/21/2017,690,5885,12,5949,64,5.95,5.95,,
7/22/2017,691,5897,12,5961,64,5.96,5.96,,
7/23/2017,692,5909,12,5973,64,5.97,5.97,,
7/24/2017,693,5921,12,5985,64,5.99,5.99,,
7/25/2017,694,5933,12,5997,64,6,6,,
7/26/2017,695,5945,12,6009,64,6.01,6.01,,
7/27/2017,696,5956,11,6020,64,6.02,6.02,,
7/28/2017,697,5969,13,6035,66,6.04,6.04,,
7/29/2017,698,5981,12,6047,66,6.05,6.05,,
7/30/2017,699,5993,12,6059,66,6.06,6.06,,
7/31/2017,700,6006,13,6072,66,6.07,6.07,,
8/1/2017,701,6017,11,6083,66,6.08,6.08,,
8/2/2017,702,6028,11,6094,66,6.09,6.09,,
8/3/2017,703,6034,6,6100,66,6.1,6.1,,
8/4/2017,704,6037,3,6103,66,6.1,6.1,,
8/5/2017,705,6048,11,6115,67,6.12,6.12,,
8/6/2017,706,6060,12,6127,67,6.13,6.13,,
8/7/2017,707,6070,10,6137,67,6.14,6.14,,
8/8/2017,708,6080,10,6147,67,6.15,6.15,,
8/9/2017,709,6084,4,6151,67,6.15,6.15,,
8/10/2017,710,6094,10,6161,67,6.16,6.16,,
8/11/2017,711,6104,10,6171,67,6.17,6.17,,
8/12/2017,712,6113,9,6180,67,6.18,6.18,,
8/13/2017,713,6123,10,6190,67,6.19,6.19,,
8/14/2017,714,6125,2,6192,67,6.19,6.19,,
8/15/2017,715,6135,10,6202,67,6.2,6.2,,
8/16/2017,716,6145,10,6212,67,6.21,6.21,,
8/17/2017,717,6158,13,6225,67,6.23,6.23,,
8/18/2017,718,6169,11,6236,67,6.24,6.24,,
8/19/2017,719,6179,10,6246,67,6.25,6.25,,
8/20/2017,720,6189,10,6256,67,6.26,6.26,,
8/21/2017,721,6198,9,6265,67,6.27,6.27,,
8/22/2017,722,6209,11,6276,67,6.28,6.28,,
8/23/2017,723,6220,11,6287,67,6.29,6.29,,
8/24/2017,724,6229,9,6296,67,6.3,6.3,,
8/25/2017,725,6241,12,6308,67,6.31,6.31,,
8/26/2017,726,6251,10,6318,67,6.32,6.32,,
8/27/2017,727,6262,11,6329,67,6.33,6.33,,
8/28/2017,728,6272,10,6339,67,6.34,6.34,,
8/29/2017,729,6283,11,6350,67,6.35,6.35,,
8/30/2017,730,6294,11,6361,67,6.36,6.36,,
8/31/2017,731,6304,10,6371,67,6.37,6.37,,
9/1/2017,732,6313,9,6380,67,6.38,6.38,,
9/2/2017,733,6322,9,6389,67,6.39,6.39,,
9/3/2017,734,6330,8,6397,67,6.4,6.4,,
9/4/2017,735,6334,4,6401,67,6.4,6.4,,
9/5/2017,736,6344,10,6411,67,6.41,6.41,,
9/6/2017,737,6353,9,6420,67,6.42,6.42,,
9/7/2017,738,6356,3,6425,69,6.43,6.43,,
9/8/2017,739,6365,9,6435,70,6.44,6.44,,
9/9/2017,740,6374,9,6444,70,6.44,6.44,,
9/10/2017,741,6384,10,6454,70,6.45,6.45,,
9/11/2017,742,6390,6,6460,70,6.46,6.46,,
9/12/2017,743,6400,10,6470,70,6.47,6.47,,
9/13/2017,744,6406,6,6476,70,6.48,6.48,,
9/14/2017,745,6416,10,6486,70,6.49,6.49,,
9/15/2017,746,6426,10,6496,70,6.5,6.5,,
9/16/2017,747,6435,9,6505,70,6.51,6.51,,
9/17/2017,748,6446,11,6516,70,6.52,6.52,,
9/18/2017,749,6453,7,6523,70,6.52,6.52,,
9/19/2017,750,6464,11,6534,70,6.53,6.53,,
9/20/2017,751,6469,5,6539,70,6.54,6.54,,
9/21/2017,752,6479,10,6549,70,6.55,6.55,,
9/22/2017,753,6491,12,6561,70,6.56,6.56,,
9/23/2017,754,6500,9,6570,70,6.57,6.57,,
9/24/2017,755,6510,10,6580,70,6.58,6.58,,
9/25/2017,756,6520,10,6590,70,6.59,6.59,,
9/26/2017,757,6530,10,6600,70,6.6,6.6,,
9/27/2017,758,6540,10,6610,70,6.61,6.61,,
9/28/2017,759,6549,9,6619,70,6.62,6.62,,
9/29/2017,760,6559,10,6629,70,6.63,6.63,,
9/30/2017,761,6569,10,6639,70,6.64,6.64,,
10/1/2017,762,6579,10,6649,70,6.65,6.65,,
10/2/2017,763,6589,10,6659,70,6.66,6.66,,
10/3/2017,764,6598,9,6668,70,6.67,6.67,,
10/4/2017,765,6608,10,6678,70,6.68,6.68,,
10/5/2017,766,6617,9,6687,70,6.69,6.69,,
10/6/2017,767,6627,10,6697,70,6.7,6.7,,
10/7/2017,768,6637,10,6707,70,6.71,6.71,,
10/8/2017,769,6645,8,6715,70,6.72,6.72,,
10/9/2017,770,6654,9,6725,71,6.73,6.73,,
10/10/2017,771,6661,7,6732,71,6.73,6.73,,
10/11/2017,772,6667,6,6738,71,6.74,6.74,,
10/12/2017,773,6675,8,6746,71,6.75,6.75,,
10/13/2017,774,6683,8,6754,71,6.75,6.75,,
10/14/2017,775,6692,9,6763,71,6.76,6.76,,
10/15/2017,776,6700,8,6771,71,6.77,6.77,,
10/16/2017,777,6707,7,6778,71,6.78,6.78,,
10/17/2017,778,6713,6,6786,73,6.79,6.79,,
10/18/2017,779,6721,8,6795,74,6.8,6.8,,
10/19/2017,780,6724,3,6798,74,6.8,6.8,,
10/20/2017,781,6731,7,6805,74,6.81,6.81,,
10/21/2017,782,6740,9,6814,74,6.81,6.81,,
10/22/2017,783,6749,9,6823,74,6.82,6.82,,
10/23/2017,784,6757,8,6831,74,6.83,6.83,,
10/24/2017,785,6765,8,6839,74,6.84,6.84,,
10/25/2017,786,6772,7,6846,74,6.85,6.85,,
10/26/2017,787,6780,8,6855,75,6.86,6.86,,
10/27/2017,788,6788,8,6863,75,6.86,6.86,,
10/28/2017,789,6796,8,6871,75,6.87,6.87,,
10/29/2017,790,6802,6,6877,75,6.88,6.88,,
10/30/2017,791,6808,6,6883,75,6.88,6.88,,
10/31/2017,792,6816,8,6891,75,6.89,6.89,,
11/1/2017,793,6823,7,6898,75,6.9,6.9,,
11/2/2017,794,6829,6,6904,75,6.9,6.9,,
11/3/2017,795,6832,3,6907,75,6.91,6.91,,
11/4/2017,796,6837,5,6912,75,6.91,6.91,,
11/5/2017,797,6845,8,6920,75,6.92,6.92,,
11/6/2017,798,6853,8,6928,75,6.93,6.93,,
11/7/2017,799,6860,7,6935,75,6.94,6.94,,
11/8/2017,800,6861,1,6936,75,6.94,6.94,,
11/9/2017,801,6867,6,6942,75,6.94,6.94,,
11/10/2017,802,6871,4,6946,75,6.95,6.95,,
11/11/2017,803,6877,6,6952,75,6.95,6.95,,
11/12/2017,804,6884,7,6959,75,6.96,6.96,,
11/13/2017,805,6888,4,6963,75,6.96,6.96,,
11/14/2017,806,6895,7,6970,75,6.97,6.97,,
11/15/2017,807,6898,3,6973,75,6.97,6.97,,
11/16/2017,808,6899,1,6975,76,6.98,6.98,,
11/17/2017,809,6906,7,6982,76,6.98,6.98,,
11/18/2017,810,6913,7,6989,76,6.99,6.99,,
11/19/2017,811,6919,6,6995,76,7,7,,
11/20/2017,812,6921,2,6997,76,7,7,,
11/21/2017,813,6927,6,7003,76,7,7,,
11/22/2017,814,6931,4,7007,76,7.01,7.01,,
11/23/2017,815,6933,2,7009,76,7.01,7.01,,
11/24/2017,816,6938,5,7014,76,7.01,7.01,,
11/25/2017,817,6940,2,7016,76,7.02,7.02,,
11/26/2017,818,6940,0,7016,76,7.02,7.02,,
11/27/2017,819,6947,7,7023,76,7.02,7.02,,
11/28/2017,820,6953,6,7029,76,7.03,7.03,,
11/29/2017,821,6959,6,7035,76,7.04,7.04,,
11/30/2017,822,6966,7,7042,76,7.04,7.04,,
12/1/2017,823,6972,6,7048,76,7.05,7.05,,
12/2/2017,824,6976,4,7052,76,7.05,7.05,,
12/3/2017,825,6983,7,7059,76,7.06,7.06,,
12/4/2017,826,6989,6,7065,76,7.07,7.07,,
12/5/2017,827,6996,7,7072,76,7.07,7.07,,
12/6/2017,828,7002,6,7078,76,7.08,7.08,,
12/7/2017,829,7007,5,7085,78,7.08,7.09,,
12/8/2017,830,7012,5,7090,78,7.09,7.09,,
12/9/2017,831,7018,6,7096,78,7.1,7.1,,
12/10/2017,832,7024,6,7102,78,7.1,7.1,,
12/11/2017,833,7030,6,7108,78,7.11,7.11,,
12/12/2017,834,7036,6,7114,78,7.11,7.11,,
12/13/2017,835,7041,5,7119,78,7.12,7.12,,
12/14/2017,836,7047,6,7125,78,7.13,7.13,,
12/15/2017,837,7051,4,7129,78,7.13,7.13,,
12/16/2017,838,7057,6,7135,78,7.14,7.14,,
12/17/2017,839,7063,6,7141,78,7.14,7.14,,
12/18/2017,840,7069,6,7147,78,7.15,7.15,,
12/19/2017,841,7073,4,7151,78,7.15,7.15,,
12/20/2017,842,7080,7,7158,78,7.16,7.16,,
12/21/2017,843,7086,6,7164,78,7.16,7.16,,
12/22/2017,844,7091,5,7169,78,7.17,7.17,,
12/23/2017,845,7096,5,7174,78,7.17,7.17,,
12/24/2017,846,7097,1,7175,78,7.18,7.18,,
12/25/2017,847,7100,3,7178,78,7.18,7.18,,
12/26/2017,848,7106,6,7185,79,7.19,7.19,,
12/27/2017,849,7112,6,7191,79,7.19,7.19,,
12/28/2017,850,7117,5,7196,79,7.2,7.2,,
12/29/2017,851,7123,6,7202,79,7.2,7.2,,
12/30/2017,852,7128,5,7207,79,7.21,7.21,,
12/31/2017,853,7132,4,7211,79,7.21,7.21,,
1/1/2018,854,7137,5,7216,79,7.22,7.22,,
1/2/2018,855,7138,1,7217,79,7.22,7.22,,
1/3/2018,856,7139,1,7218,79,7.22,7.22,,
1/4/2018,857,7141,2,7220,79,7.22,7.22,,
1/5/2018,858,7142,1,7221,79,7.22,7.22,,
1/6/2018,859,7148,6,7227,79,7.23,7.23,,
1/7/2018,860,7150,2,7229,79,7.23,7.23,,
1/8/2018,861,7150,0,7229,79,7.23,7.23,,
1/9/2018,862,7151,1,7230,79,7.23,7.23,,
1/10/2018,863,7153,2,7232,79,7.23,7.23,,
1/11/2018,864,7157,4,7236,79,7.24,7.24,,
1/12/2018,865,7163,6,7242,79,7.24,7.24,,
1/13/2018,866,7169,6,7248,79,7.25,7.25,,
1/14/2018,867,7172,3,7251,79,7.25,7.25,,
1/15/2018,868,7176,4,7255,79,7.26,7.26,,
1/16/2018,869,7179,3,7258,79,7.26,7.26,,
1/17/2018,870,7184,5,7263,79,7.26,7.26,,
1/18/2018,871,7186,2,7265,79,7.27,7.27,,
1/19/2018,872,7191,5,7270,79,7.27,7.27,,
1/20/2018,873,7198,7,7277,79,7.28,7.28,,
1/21/2018,874,7202,4,7281,79,7.28,7.28,,
1/22/2018,875,7207,5,7286,79,7.29,7.29,,
1/23/2018,876,7214,7,7293,79,7.29,7.29,,
1/24/2018,877,7216,2,7295,79,7.3,7.3,,
1/25/2018,878,7221,5,7300,79,7.3,7.3,,
1/26/2018,879,7228,7,7307,79,7.31,7.31,,
1/27/2018,880,7235,7,7315,80,7.32,7.32,,
1/28/2018,881,7243,8,7323,80,7.32,7.32,,
1/29/2018,882,7246,3,7326,80,7.33,7.33,,
1/30/2018,883,7254,8,7334,80,7.33,7.33,,
1/31/2018,884,7261,7,7341,80,7.34,7.34,,
2/1/2018,885,7268,7,7348,80,7.35,7.35,,
2/2/2018,886,7275,7,7355,80,7.36,7.36,,
2/3/2018,887,7282,7,7362,80,7.36,7.36,,
2/4/2018,888,7290,8,7370,80,7.37,7.37,,
2/5/2018,889,7297,7,7377,80,7.38,7.38,,
2/6/2018,890,7305,8,7385,80,7.39,7.39,,
2/7/2018,891,7312,7,7392,80,7.39,7.39,,
2/8/2018,892,7320,8,7400,80,7.4,7.4,,
2/9/2018,893,7327,7,7407,80,7.41,7.41,,
2/10/2018,894,7335,8,7415,80,7.42,7.42,,
2/11/2018,895,7340,5,7420,80,7.42,7.42,,
2/12/2018,896,7347,7,7427,80,7.43,7.43,,
2/13/2018,897,7356,9,7436,80,7.44,7.44,,
2/14/2018,898,7363,7,7445,82,7.45,7.45,,
2/15/2018,899,7372,9,7454,82,7.45,7.45,,
2/16/2018,900,7381,9,7463,82,7.46,7.46,,
2/17/2018,901,7389,8,7471,82,7.47,7.47,,
2/18/2018,902,7398,9,7480,82,7.48,7.48,,
2/19/2018,903,7406,8,7488,82,7.49,7.49,,
2/20/2018,904,7414,8,7496,82,7.5,7.5,,
2/21/2018,905,7423,9,7505,82,7.51,7.51,,
2/22/2018,906,7429,6,7511,82,7.51,7.51,,
2/23/2018,907,7438,9,7520,82,7.52,7.52,,
2/24/2018,908,7446,8,7528,82,7.53,7.53,,
2/25/2018,909,7455,9,7537,82,7.54,7.54,,
2/26/2018,910,7462,7,7544,82,7.54,7.54,,
2/27/2018,911,7472,10,7554,82,7.55,7.55,,
2/28/2018,912,7475,3,7557,82,7.56,7.56,,
3/1/2018,913,7480,5,7562,82,7.56,7.56,,
3/2/2018,914,7485,5,7567,82,7.57,7.57,,
3/3/2018,915,7490,5,7572,82,7.57,7.57,,
3/4/2018,916,7498,8,7580,82,7.58,7.58,,
3/5/2018,917,7508,10,7590,82,7.59,7.59,,
3/6/2018,918,7517,9,7599,82,7.6,7.6,,
3/7/2018,919,7527,10,7609,82,7.61,7.61,,
3/8/2018,920,7537,10,7619,82,7.62,7.62,,
3/9/2018,921,7545,8,7627,82,7.63,7.63,,
3/10/2018,922,7547,2,7629,82,7.63,7.63,,
3/11/2018,923,7556,9,7638,82,7.64,7.64,,
3/12/2018,924,7561,5,7643,82,7.64,7.64,,
3/13/2018,925,7564,3,7647,83,7.65,7.65,,
3/14/2018,926,7572,8,7655,83,7.66,7.66,,
3/15/2018,927,7577,5,7660,83,7.66,7.66,,
3/16/2018,928,7587,10,7670,83,7.67,7.67,,
3/17/2018,929,7595,8,7678,83,7.68,7.68,,
3/18/2018,930,7600,5,7683,83,7.68,7.68,,
3/19/2018,931,7607,7,7690,83,7.69,7.69,,
3/20/2018,932,7609,2,7692,83,7.69,7.69,,
3/21/2018,933,7612,3,7695,83,7.7,7.7,,
3/22/2018,934,7623,11,7706,83,7.71,7.71,,
3/23/2018,935,7634,11,7717,83,7.72,7.72,,
3/24/2018,936,7644,10,7727,83,7.73,7.73,,
3/25/2018,937,7655,11,7738,83,7.74,7.74,,
3/26/2018,938,7666,11,7749,83,7.75,7.75,,
3/27/2018,939,7677,11,7760,83,7.76,7.76,,
3/28/2018,940,7688,11,7771,83,7.77,7.77,,
3/29/2018,941,7698,10,7781,83,7.78,7.78,,
3/30/2018,942,7707,9,7790,83,7.79,7.79,,
3/31/2018,943,7717,10,7800,83,7.8,7.8,,
4/1/2018,944,7728,11,7811,83,7.81,7.81,,
4/2/2018,945,7739,11,7822,83,7.82,7.82,,
4/3/2018,946,7750,11,7833,83,7.83,7.83,,
4/4/2018,947,7759,9,7842,83,7.84,7.84,,
4/5/2018,948,7762,3,7845,83,7.85,7.85,,
4/6/2018,949,7764,2,7847,83,7.85,7.85,,
4/7/2018,950,7773,9,7856,83,7.86,7.86,,
4/8/2018,951,7785,12,7868,83,7.87,7.87,,
4/9/2018,952,7795,10,7878,83,7.88,7.88,,
4/10/2018,953,7800,5,7885,85,7.89,7.89,,
4/11/2018,954,7808,8,7893,85,7.89,7.89,,
4/12/2018,955,7820,12,7905,85,7.91,7.91,,
4/13/2018,956,7832,12,7917,85,7.92,7.92,,
4/14/2018,957,7843,11,7928,85,7.93,7.93,,
4/15/2018,958,7851,8,7936,85,7.94,7.94,,
4/16/2018,959,7861,10,7946,85,7.95,7.95,,
4/17/2018,960,7873,12,7958,85,7.96,7.96,,
4/18/2018,961,7882,9,7967,85,7.97,7.97,,
4/19/2018,962,7894,12,7979,85,7.98,7.98,,
4/20/2018,963,7906,12,7991,85,7.99,7.99,,
4/21/2018,964,7918,12,8005,87,8.01,8.01,,
4/22/2018,965,7930,12,8017,87,8.02,8.02,,
4/23/2018,966,7942,12,8029,87,8.03,8.03,,
4/24/2018,967,7954,12,8041,87,8.04,8.04,,
4/25/2018,968,7967,13,8054,87,8.05,8.05,,
4/26/2018,969,7979,12,8066,87,8.07,8.07,,
4/27/2018,970,7990,11,8077,87,8.08,8.08,,
4/28/2018,971,7997,7,8085,88,8.09,8.09,,
4/29/2018,972,8008,11,8096,88,8.1,8.1,,
4/30/2018,973,8019,11,8107,88,8.11,8.11,,
5/1/2018,974,8030,11,8118,88,8.12,8.12,,
5/2/2018,975,8042,12,8130,88,8.13,8.13,,
5/3/2018,976,8053,11,8141,88,8.14,8.14,,
5/4/2018,977,8065,12,8153,88,8.15,8.15,,
5/5/2018,978,8073,8,8161,88,8.16,8.16,,
5/6/2018,979,8082,9,8170,88,8.17,8.17,,
5/7/2018,980,8094,12,8182,88,8.18,8.18,,
5/8/2018,981,8107,13,8195,88,8.2,8.2,,
5/9/2018,982,8120,13,8208,88,8.21,8.21,,
5/10/2018,983,8132,12,8220,88,8.22,8.22,,
5/11/2018,984,8144,12,8232,88,8.23,8.23,,
5/12/2018,985,8157,13,8245,88,8.25,8.25,,
5/13/2018,986,8168,11,8256,88,8.26,8.26,,
5/14/2018,987,8176,8,8265,89,8.27,8.27,,
5/15/2018,988,8186,10,8275,89,8.28,8.28,,
5/16/2018,989,8197,11,8286,89,8.29,8.29,,
5/17/2018,990,8210,13,8299,89,8.3,8.3,,
5/18/2018,991,8217,7,8306,89,8.31,8.31,,
5/19/2018,992,8228,11,8317,89,8.32,8.32,,
5/20/2018,993,8237,9,8326,89,8.33,8.33,,
5/21/2018,994,8249,12,8338,89,8.34,8.34,,
5/22/2018,995,8252,3,8341,89,8.34,8.34,,
5/23/2018,996,8260,8,8349,89,8.35,8.35,,
5/24/2018,997,8265,5,8355,90,8.36,8.36,,
5/25/2018,998,8274,9,8364,90,8.36,8.36,,
5/26/2018,999,8282,8,8372,90,8.37,8.37,,
5/27/2018,1000,8294,12,8384,90,8.38,8.38,,
5/28/2018,1001,8306,12,8396,90,8.4,8.4,,
5/29/2018,1002,8318,12,8408,90,8.41,8.41,,
5/30/2018,1003,8330,12,8420,90,8.42,8.42,,
5/31/2018,1004,8343,13,8433,90,8.43,8.43,,
6/1/2018,1005,8355,12,8445,90,8.45,8.45,,
6/2/2018,1006,8367,12,8457,90,8.46,8.46,,
6/3/2018,1007,8379,12,8469,90,8.47,8.47,,
6/4/2018,1008,8391,12,8481,90,8.48,8.48,,
6/5/2018,1009,8404,13,8494,90,8.51,8.49,,
6/6/2018,1010,8413,9,8505,92,8.51,8.51,,
6/7/2018,1011,8426,13,8518,92,8.52,8.52,,
6/8/2018,1012,8439,13,8531,92,8.53,8.53,,
6/9/2018,1013,8450,11,8542,92,8.54,8.54,,
6/10/2018,1014,8463,13,8555,92,8.56,8.56,,
6/11/2018,1015,8474,11,8566,92,8.57,8.57,,
6/12/2018,1016,8487,13,8579,92,8.58,8.58,,
6/13/2018,1017,8499,12,8591,92,8.59,8.59,,
6/14/2018,1018,8512,13,8604,92,8.6,8.6,,
6/15/2018,1019,8523,11,8615,92,8.62,8.62,,
6/16/2018,1020,8535,12,8627,92,8.63,8.63,,
6/17/2018,1021,8547,12,8639,92,8.64,8.64,,
6/18/2018,1022,8560,13,8652,92,8.65,8.65,,
6/19/2018,1023,8572,12,8665,93,8.67,8.67,,
6/20/2018,1024,8585,13,8678,93,8.68,8.68,,
6/21/2018,1025,8598,13,8691,93,8.69,8.69,,
6/22/2018,1026,8610,12,8703,93,8.7,8.7,,
6/23/2018,1027,8622,12,8715,93,8.72,8.72,,
6/24/2018,1028,8634,12,8727,93,8.73,8.73,,
6/25/2018,1029,8647,13,8740,93,8.74,8.74,,
6/26/2018,1030,8660,13,8753,93,8.75,8.75,,
6/27/2018,1031,8671,11,8765,94,8.77,8.77,,
6/28/2018,1032,8684,13,8778,94,8.78,8.78,,
6/29/2018,1033,8696,12,8790,94,8.79,8.79,,
6/30/2018,1034,8708,12,8802,94,8.8,8.8,,
7/1/2018,1035,8719,11,8813,94,8.81,8.81,,
7/2/2018,1036,8728,9,8822,94,8.82,8.82,,
7/3/2018,1037,8740,12,8835,95,8.84,8.84,,
7/4/2018,1038,8752,12,8847,95,8.85,8.85,,
7/5/2018,1039,8765,13,8860,95,8.86,8.86,,
7/6/2018,1040,8776,11,8871,95,8.87,8.87,,
7/7/2018,1041,8787,11,8882,95,8.88,8.88,,
7/8/2018,1042,8799,12,8895,96,8.9,8.9,,
7/9/2018,1043,8811,12,8907,96,8.91,8.91,,
7/10/2018,1044,8823,12,8919,96,8.92,8.92,,
7/11/2018,1045,8835,12,8931,96,8.93,8.93,,
7/12/2018,1046,8847,12,8943,96,8.94,8.94,,
7/13/2018,1047,8858,11,8955,97,8.96,8.96,,
7/14/2018,1048,8870,12,8967,97,8.97,8.97,,
7/15/2018,1049,8883,13,8980,97,8.98,8.98,,
7/16/2018,1050,8895,12,8992,97,8.99,8.99,,
7/17/2018,1051,8908,13,9004,96,9,9,,
7/18/2018,1052,8920,12,9016,96,9.02,9.02,,
7/19/2018,1053,8932,12,9028,96,9.03,9.03,,
7/20/2018,1054,8943,11,9039,96,9.04,9.04,,
7/21/2018,1055,8954,11,9050,96,9.05,9.05,,
7/22/2018,1056,8966,12,9062,96,9.06,9.06,,
7/23/2018,1057,8978,12,9075,97,9.08,9.08,,
7/24/2018,1058,8990,12,9087,97,9.09,9.09,,
7/25/2018,1059,9001,11,9098,97,9.1,9.1,,
7/26/2018,1060,9013,12,9110,97,9.11,9.11,,
7/27/2018,1061,9025,12,9122,97,9.12,9.12,,
7/28/2018,1062,9037,12,9135,98,9.14,9.14,,
7/29/2018,1063,9047,10,9145,98,9.15,9.15,,
7/30/2018,1064,9058,11,9156,98,9.16,9.16,,
7/31/2018,1065,9070,12,9168,98,9.17,9.17,,
8/1/2018,1066,9082,12,9180,98,9.18,9.18,,
8/2/2018,1067,9094,12,9192,98,9.19,9.19,,
8/3/2018,1068,9105,11,9203,98,9.2,9.2,,
8/4/2018,1069,9116,11,9215,99,9.22,9.22,,
8/5/2018,1070,9128,12,9227,99,9.23,9.23,,
8/6/2018,1071,9139,11,9238,99,9.24,9.24,,
8/7/2018,1072,9149,10,9248,99,9.25,9.25,,
8/8/2018,1073,9160,11,9259,99,9.26,9.26,,
8/9/2018,1074,9170,10,9269,99,9.27,9.27,,
8/10/2018,1075,9181,11,9280,99,9.28,9.28,,
8/11/2018,1076,9191,10,9290,99,9.29,9.29,,
8/12/2018,1077,9202,11,9301,99,9.3,9.3,,
8/13/2018,1078,9213,11,9312,99,9.31,9.31,,
8/14/2018,1079,9220,7,9319,99,9.32,9.32,,
8/15/2018,1080,9230,10,9329,99,9.33,9.33,,
8/16/2018,1081,9241,11,9340,99,9.34,9.34,,
8/17/2018,1082,9252,11,9351,99,9.35,9.35,,
8/18/2018,1083,9263,11,9362,99,9.36,9.36,,
8/19/2018,1084,9274,11,9373,99,9.37,9.37,,
8/20/2018,1085,9284,10,9385,101,9.39,9.39,,
8/21/2018,1086,9287,3,9388,101,9.39,9.39,,
8/22/2018,1087,9296,9,9397,101,9.4,9.4,,
8/23/2018,1088,9304,8,9404,100,9.4,9.4,,
8/24/2018,1089,9312,8,9412,100,9.41,9.41,,
8/25/2018,1090,9323,11,9423,100,9.42,9.42,,
8/26/2018,1091,9334,11,9435,101,9.44,9.44,,
8/27/2018,1092,9343,9,9444,101,9.44,9.44,,
8/28/2018,1093,9350,7,9451,101,9.45,9.45,,
8/29/2018,1094,9361,11,9462,101,9.46,9.46,,
8/30/2018,1095,9370,9,9471,101,9.47,9.47,,
8/31/2018,1096,9380,10,9481,101,9.48,9.48,,
9/1/2018,1097,9390,10,9491,101,9.49,9.49,,
9/2/2018,1098,9401,11,9502,101,9.5,9.5,,
9/3/2018,1099,9411,10,9512,101,9.51,9.51,,
9/4/2018,1100,9421,10,9522,101,9.52,9.52,,
9/5/2018,1101,9431,10,9532,101,9.53,9.53,,
9/6/2018,1102,9442,11,9543,101,9.54,9.54,,
9/7/2018,1103,9452,10,9553,101,9.55,9.55,,
9/8/2018,1104,9462,10,9565,103,9.57,9.57,,
9/9/2018,1105,9473,11,9576,103,9.58,9.58,,
9/10/2018,1106,9483,10,9586,103,9.59,9.59,,
9/11/2018,1107,9493,10,9596,103,9.6,9.6,,
9/12/2018,1108,9501,8,9604,103,9.6,9.6,,
9/13/2018,1109,9511,10,9614,103,9.61,9.61,,
9/14/2018,1110,9521,10,9624,103,9.62,9.62,,
9/15/2018,1111,9531,10,9634,103,9.63,9.63,,
9/16/2018,1112,9541,10,9645,104,9.65,9.65,,
9/17/2018,1113,9551,10,9654,103,9.65,9.65,,
9/18/2018,1114,9561,10,9664,103,9.66,9.66,,
9/19/2018,1115,9571,10,9674,103,9.67,9.67,,
9/20/2018,1116,9580,9,9683,103,9.68,9.68,,
9/21/2018,1117,9590,10,9693,103,9.69,9.69,,
9/22/2018,1118,9600,10,9703,103,9.7,9.7,,
9/23/2018,1119,9609,9,9712,103,9.71,9.71,,
9/24/2018,1120,9619,10,9722,103,9.72,9.72,,
9/25/2018,1121,9629,10,9732,103,9.73,9.73,,
9/26/2018,1122,9638,9,9741,103,9.74,9.74,,
9/27/2018,1123,9646,8,9749,103,9.75,9.75,,
9/28/2018,1124,9653,7,9756,103,9.76,9.76,,
9/29/2018,1125,9659,6,9762,103,9.76,9.76,,
9/30/2018,1126,9665,6,9768,103,9.77,9.77,,
10/1/2018,1127,9671,6,9775,104,9.78,9.78,,
10/2/2018,1128,9678,7,9782,104,7.78,9.78,,
10/3/2018,1129,9686,8,9790,104,9.79,9.79,,
10/4/2018,1130,9692,6,9796,104,9.8,9.8,,
10/5/2018,1131,9702,10,9806,104,9.81,9.81,,
10/6/2018,1132,9711,9,9815,104,9.82,9.82,,
10/7/2018,1133,9720,9,9825,105,9.83,9.83,,
10/8/2018,1134,9729,9,9834,105,9.83,9.83,,
10/9/2018,1135,9738,9,9843,105,9.84,9.84,,
10/10/2018,1136,9747,9,9854,107,9.85,9.85,,
10/11/2018,1137,9756,9,9863,107,9.86,9.86,,
10/12/2018,1138,9765,9,9872,107,9.87,9.87,,
10/13/2018,1139,9774,9,9881,107,9.88,9.88,,
10/14/2018,1140,9783,9,9890,107,9.89,9.89,,
10/15/2018,1141,9792,9,9899,107,9.9,9.9,,
10/16/2018,1142,9801,9,9908,107,9.91,9.91,,
10/17/2018,1143,9810,9,9917,107,9.92,9.92,,
10/18/2018,1144,9818,8,9924,106,9.92,9.92,,
10/19/2018,1145,9827,9,9933,106,9.93,9.93,,
10/20/2018,1146,9835,8,9941,106,9.94,9.94,,
10/21/2018,1147,9843,8,9949,106,9.95,9.95,,
10/22/2018,1148,9851,8,9957,106,9.96,9.96,,
10/23/2018,1149,9859,8,9965,106,9.97,9.97,,
10/24/2018,1150,9866,7,9972,106,9.97,9.97,,
10/25/2018,1151,9874,8,9980,106,9.98,9.98,,
10/26/2018,1152,9882,8,9988,106,9.99,9.99,,
10/27/2018,1153,9889,7,9995,106,10,10,,
10/28/2018,1154,9895,6,10001,106,10,10,,
10/29/2018,1155,9903,8,10009,106,10,10.01,,
10/30/2018,1156,9910,7,10016,106,10,10.02,,
10/31/2018,1157,9917,7,10023,106,10,10.02,,
11/1/2018,1158,9924,7,10030,106,10,10.03,,
11/2/2018,1159,9931,7,10037,106,10,10.04,,
11/3/2018,1160,9937,6,10043,106,10,10.04,,
11/4/2018,1161,9944,7,10050,106,10.1,10.05,,
11/5/2018,1162,9951,7,10057,106,10.1,10.06,,
11/6/2018,1163,9958,7,10064,106,10.1,10.06,,
11/7/2018,1164,9965,7,10071,106,10.1,10.07,,
11/8/2018,1165,9971,6,10077,106,10.1,10.08,,
11/9/2018,1166,9976,5,10082,106,10.1,10.08,,
11/10/2018,1167,9979,3,10085,106,10.1,10.09,,
11/11/2018,1168,9985,6,10091,106,10.1,10.09,,
11/12/2018,1169,9991,6,10097,106,10.1,10.1,,
11/13/2018,1170,9994,3,10100,106,10.1,10.1,,
11/14/2018,1171,9999,5,10105,106,10.1,10.11,,
11/15/2018,1172,10004,5,10110,106,10.1,10.11,,
11/16/2018,1173,10008,4,10114,106,10.1,10.11,,
11/17/2018,1174,10013,5,10119,106,10.1,10.12,,
11/18/2018,1175,10017,4,10123,106,10.1,10.12,,
11/19/2018,1176,10021,4,10127,106,10.1,10.13,,
11/20/2018,1177,10026,5,10132,106,10.1,10.13,,
11/21/2018,1178,10027,1,10133,106,10.1,10.13,,
11/22/2018,1179,10033,6,10139,106,10.1,10.14,,
11/23/2018,1180,10034,1,10140,106,10.1,10.14,,
11/24/2018,1181,10041,7,10147,106,10.2,10.15,,
11/25/2018,1182,10047,6,10153,106,10.2,10.15,,
11/26/2018,1183,10051,4,10157,106,10.2,10.16,,
11/27/2018,1184,10052,1,10158,106,10.2,10.16,,
11/28/2018,1185,10057,5,10163,106,10.2,10.16,,
11/29/2018,1186,10061,4,10167,106,10.2,10.17,,
11/30/2018,1187,10067,6,10173,106,10.2,10.17,,
12/1/2018,1188,10072,5,10178,106,10.2,10.18,,
12/2/2018,1189,10078,6,10184,106,10.2,10.18,,
12/3/2018,1190,10083,5,10189,106,10.2,10.19,,
12/4/2018,1191,10084,1,10190,106,10.2,10.19,,
12/5/2018,1192,10087,3,10193,106,10.2,10.19,,
12/6/2018,1193,10093,6,10199,106,10.2,10.2,,
12/7/2018,1194,10099,6,10207,108,10.2,10.21,,
12/8/2018,1195,10105,6,10213,108,10.2,10.21,,
12/9/2018,1196,10108,3,10216,108,10.2,10.22,,
12/10/2018,1197,10112,4,10220,108,10.2,10.22,,
12/11/2018,1198,10118,6,10228,110,10.2,10.23,,
12/12/2018,1199,10124,6,10234,110,10.2,10.23,,
12/13/2018,1200,10130,6,10240,110,10.2,10.24,,
12/14/2018,1201,10133,3,10243,110,10.2,10.24,,
12/15/2018,1202,10134,1,10244,110,10.2,10.24,,
12/16/2018,1203,10135,1,10245,110,10.2,10.25,,
12/17/2018,1204,10138,3,10248,110,10.2,10.25,,
12/18/2018,1205,10143,5,10253,110,10.2,10.25,,
12/19/2018,1206,10148,5,10258,110,10.2,10.26,,
12/20/2018,1207,10150,2,10260,110,10.2,10.26,,
12/21/2018,1208,10152,2,10262,110,10.2,10.26,,
12/22/2018,1209,10155,3,10265,110,10.2,10.27,,
12/23/2018,1210,10158,3,10268,110,10.3,10.27,,
12/24/2018,1211,10159,1,10269,110,10.3,10.27,,
12/25/2018,1212,10165,6,10275,110,10.3,10.28,,
12/26/2018,1213,10172,7,10282,110,10.3,10.28,,
12/27/2018,1214,10178,6,10288,110,10.3,10.29,,
12/28/2018,1215,10184,6,10294,110,10.3,10.29,,
12/29/2018,1216,10190,6,10300,110,10.3,10.3,,
12/30/2018,1217,10196,6,10306,110,10.3,10.31,,
12/31/2018,1218,10203,7,10313,110,10.3,10.31,,
1/1/2019,1219,10209,6,10319,110,10.3,10.32,,
1/2/2019,1220,10216,7,10326,110,10.3,10.33,,
1/3/2019,1221,10220,4,10330,110,10.3,10.33,,
1/4/2019,1222,10226,6,10336,110,10.3,10.34,,
1/5/2019,1223,10227,1,10337,110,10.3,10.34,,
1/6/2019,1224,10228,1,10338,110,10.3,10.34,,
1/7/2019,1225,10231,3,10341,110,10.3,10.34,,
1/8/2019,1226,10232,1,10342,110,10.3,10.34,,
1/9/2019,1227,10234,2,10344,110,10.3,10.34,,
1/10/2019,1228,10240,6,10350,110,10.4,10.35,,
1/11/2019,1229,10241,1,10351,110,10.4,10.35,,
1/12/2019,1230,10246,5,10356,110,10.4,10.36,,
1/13/2019,1231,10250,4,10360,110,10.4,10.36,,
1/14/2019,1232,10252,2,10362,110,10.4,10.36,,
1/15/2019,1233,10252,0,10362,110,10.4,10.36,,
1/16/2019,1234,10253,1,10363,110,10.4,10.36,,
1/17/2019,1235,10255,2,10365,110,10.4,10.37,,
1/18/2019,1236,10258,3,10368,110,10.4,10.37,,
1/19/2019,1237,10264,6,10374,110,10.4,10.37,,
1/20/2019,1238,10266,2,10376,110,10.4,10.38,,
1/21/2019,1239,10272,6,10382,110,10.4,10.38,,
1/22/2019,1240,10280,8,10390,110,10.4,10.39,,
1/23/2019,1241,10287,7,10397,110,10.4,10.4,,
1/24/2019,1242,10294,7,10404,110,10.4,10.4,,
1/25/2019,1243,10301,7,10411,110,10.4,10.41,,
1/26/2019,1244,10306,5,10416,110,10.4,10.42,,
1/27/2019,1245,10312,6,10422,110,10.4,10.42,,
1/28/2019,1246,10316,4,10426,110,10.4,10.43,,
1/29/2019,1247,10320,4,10430,110,10.4,10.43,,
1/30/2019,1248,10328,8,10438,110,10.4,10.44,,
1/31/2019,1249,10331,3,10441,110,10.4,10.44,,
2/1/2019,1250,10333,2,10443,110,10.4,10.44,,
2/2/2019,1251,10337,4,10447,110,10.5,10.45,,
2/3/2019,1252,10340,3,10450,110,10.5,10.45,,
2/4/2019,1253,10344,4,10454,110,10.5,10.45,,
2/5/2019,1254,10353,9,10463,110,10.5,10.46,,
2/6/2019,1255,10360,7,10470,110,10.5,10.47,,
2/7/2019,1256,10366,6,10476,110,10.5,10.48,,
2/8/2019,1257,10367,1,10477,110,10.5,10.48,,
2/9/2019,1258,10371,4,10481,110,10.5,10.48,,
2/10/2019,1259,10377,6,10487,110,10.5,10.49,,
2/11/2019,1260,10384,7,10494,110,10.5,10.49,,
2/12/2019,1261,10386,2,10496,110,10.5,10.5,,
2/13/2019,1262,10386,0,10496,110,10.5,10.5,,
2/14/2019,1263,10391,5,10501,110,10.5,10.5,,
2/15/2019,1264,10397,6,10507,110,10.5,10.51,,
2/16/2019,1265,10405,8,10515,110,10.5,10.52,,
2/17/2019,1266,10414,9,10524,110,10.5,10.52,,
2/18/2019,1267,10424,10,10534,110,10.5,10.53,,
2/19/2019,1268,10433,9,10543,110,10.5,10.54,,
2/20/2019,1269,10443,10,10556,113,10.6,10.56,,
2/21/2019,1270,10453,10,10566,113,10.6,10.57,,
2/22/2019,1271,10463,10,10576,113,10.6,10.58,,
2/23/2019,1272,10468,5,10581,113,10.6,10.58,,
2/24/2019,1273,10473,5,10586,113,10.6,10.59,,
2/25/2019,1274,10475,2,10588,113,10.6,10.59,,
2/26/2019,1275,10476,1,10589,113,10.6,10.59,,
2/27/2019,1276,10479,3,10592,113,10.6,10.59,,
2/28/2019,1277,10488,9,10601,113,10.6,10.6,,
3/1/2019,1278,10491,3,10604,113,10.6,10.6,,
3/2/2019,1279,10494,3,10607,113,10.6,10.61,,
3/3/2019,1280,10498,4,10611,113,10.6,10.61,,
3/4/2019,1281,10501,3,10614,113,10.6,10.61,,
3/5/2019,1282,10503,2,10616,113,10.6,10.62,,
3/6/2019,1283,10508,5,10621,113,10.6,10.62,,
3/7/2019,1284,10513,5,10626,113,10.6,10.63,,
3/8/2019,1285,10522,9,10635,113,10.6,10.64,,
3/9/2019,1286,10528,6,10641,113,10.6,10.64,,
3/10/2019,1287,10531,3,10644,113,10.6,10.64,,
3/11/2019,1288,10543,12,10656,113,10.6,10.66,,
3/12/2019,1289,10553,10,10666,113,10.7,10.67,,
3/13/2019,1290,10565,12,10678,113,10.7,10.68,,
3/14/2019,1291,10576,11,10689,113,10.7,10.69,,
3/15/2019,1292,10587,11,10700,113,10.7,10.7,,
3/16/2019,1293,10599,12,10712,113,10.7,10.71,,
3/17/2019,1294,10608,9,10721,113,10.7,10.72,,
3/18/2019,1295,10619,11,10732,113,10.7,10.73,,
3/19/2019,1296,10626,7,10739,113,10.7,10.74,,
3/20/2019,1297,10636,10,10749,113,10.8,10.75,,
3/21/2019,1298,10648,12,10761,113,10.8,10.76,,
3/22/2019,1299,10650,2,10763,113,10.8,10.76,,
3/23/2019,1300,10661,11,10774,113,10.8,10.77,,
3/24/2019,1301,10670,9,10783,113,10.8,10.78,,
3/25/2019,1302,10672,2,10785,113,10.8,10.79,,
3/26/2019,1303,10680,8,10793,113,10.8,10.79,,
3/27/2019,1304,10687,7,10800,113,10.8,10.8,,
3/28/2019,1305,10692,5,10805,113,10.8,10.81,,
3/29/2019,1306,10704,12,10817,113,10.8,10.82,,
3/30/2019,1307,10716,12,10829,113,10.8,10.83,,
3/31/2019,1308,10727,11,10840,113,10.8,10.84,,
4/1/2019,1309,10731,4,10844,113,10.8,10.84,,
4/2/2019,1310,10736,5,10849,113,10.9,10.85,,
4/3/2019,1311,10741,5,10854,113,10.9,10.85,,
4/4/2019,1312,10747,6,10890,143,10.9,10.89,,
4/5/2019,1313,10751,4,10894,143,10.9,10.89,,
4/6/2019,1314,10760,9,10903,143,10.9,10.9,,
4/7/2019,1315,10770,10,10913,143,10.9,10.91,,
4/8/2019,1316,10778,8,10921,143,10.9,10.92,,
4/9/2019,1317,10790,12,10933,143,10.9,10.93,,
4/10/2019,1318,10802,12,10945,143,10.9,10.95,,
4/11/2019,1319,10811,9,10954,143,10.9,10.95,,
4/12/2019,1320,10823,12,10966,143,10.9,10.97,,
4/13/2019,1321,10835,12,10978,143,11,10.98,,
4/14/2019,1322,10845,10,10988,143,11,10.99,,
4/15/2019,1323,10849,4,10992,143,11,10.99,,
4/16/2019,1324,10859,10,11002,143,11,11,,
4/17/2019,1325,10871,12,11014,143,11,11.01,,
4/18/2019,1326,10883,12,11026,143,11,11.03,,
4/19/2019,1327,10895,12,11038,143,11,11.04,,
4/20/2019,1328,10907,12,11050,143,11,11.05,,
4/21/2019,1329,10920,13,11063,143,11,11.06,,
4/22/2019,1330,10932,12,11075,143,11,11.08,,
4/23/2019,1331,10944,12,11087,143,11,11.09,,
4/24/2019,1332,10955,11,11098,143,11,11.1,,
4/25/2019,1333,10968,13,11111,143,11.1,11.11,,
4/26/2019,1334,10981,13,11124,143,11.1,11.12,,
4/27/2019,1335,10991,10,11134,143,11.1,11.13,,
4/28/2019,1336,11003,12,11146,143,11.2,11.15,,
4/29/2019,1337,11016,13,11159,143,11.2,11.16,,
4/30/2019,1338,11029,13,11172,143,11.2,11.17,,
5/1/2019,1339,11042,13,11185,143,11.2,11.19,,
5/2/2019,1340,11054,12,11197,143,11.2,11.2,,
5/3/2019,1341,11067,13,11210,143,11.2,11.21,,
5/4/2019,1342,11080,13,11223,143,11.2,11.22,,
5/5/2019,1343,11092,12,11235,143,11.2,11.24,,
5/6/2019,1344,11098,6,11241,143,11.2,11.24,,
5/7/2019,1345,11109,11,11252,143,11.2,11.25,,
5/8/2019,1346,11121,12,11264,143,11.2,11.26,,
5/9/2019,1347,11127,6,11270,143,11.2,11.27,,
5/10/2019,1348,11140,13,11283,143,11.2,11.28,,
5/11/2019,1349,11153,13,11296,143,11.3,11.3,,
5/12/2019,1350,11165,12,11308,143,11.3,11.31,,
5/13/2019,1351,11177,12,11320,143,11.3,11.32,,
5/14/2019,1352,11184,7,11327,143,11.3,11.33,,
5/15/2019,1353,11186,2,11329,143,11.3,11.33,,
5/16/2019,1354,11192,6,11335,143,11.3,11.34,,
5/17/2019,1355,11204,12,11347,143,11.3,11.35,,
5/18/2019,1356,11207,3,11350,143,11.3,11.35,,
5/19/2019,1357,11216,9,11359,143,11.3,11.36,,
5/20/2019,1358,11226,10,11369,143,11.3,11.37,,
5/21/2019,1359,11231,5,11374,143,11.3,11.37,,
5/22/2019,1360,11242,11,11385,143,11.4,11.39,,
5/23/2019,1361,11255,13,11398,143,11.4,11.4,,
5/24/2019,1362,11267,12,11410,143,11.4,11.41,,
5/25/2019,1363,11280,13,11423,143,11.4,11.42,,
5/26/2019,1364,11288,8,11431,143,11.4,11.43,,
5/27/2019,1365,11299,11,11442,143,11.4,11.44,,
5/28/2019,1366,11312,13,11455,143,11.4,11.46,,
5/29/2019,1367,11325,13,11468,143,11.4,11.47,,
5/30/2019,1368,11333,8,11476,143,11.4,11.48,,
5/31/2019,1369,11346,13,11489,143,11.5,11.49,,
6/1/2019,1370,11359,13,11502,143,11.5,11.5,,
6/2/2019,1371,11373,14,11516,143,11.5,11.52,,
6/3/2019,1372,11385,12,11528,143,11.5,11.53,,
6/4/2019,1373,11398,13,11541,143,11.5,11.54,,
6/5/2019,1374,11410,12,11553,143,11.5,11.55,,
6/6/2019,1375,11423,13,11566,143,11.5,11.57,,
6/7/2019,1376,11437,14,11580,143,11.6,11.58,,
6/8/2019,1377,11449,12,11592,143,11.6,11.59,,
6/9/2019,1378,11461,12,11604,143,11.6,11.6,,
6/10/2019,1379,11473,12,11616,143,11.6,11.62,,
6/11/2019,1380,11484,11,11627,143,11.6,11.63,,
6/12/2019,1381,11497,13,11640,143,11.6,11.64,,
6/13/2019,1382,11510,13,11653,143,11.6,11.65,,
6/14/2019,1383,11522,12,11665,143,11.6,11.67,,
6/15/2019,1384,11528,6,11671,143,11.6,11.67,,
6/16/2019,1385,11539,11,11682,143,11.6,11.68,,
6/17/2019,1386,11552,13,11695,143,11.7,11.7,,
6/18/2019,1387,11565,13,11708,143,11.7,11.71,,
6/19/2019,1388,11577,12,11720,143,11.7,11.72,,
6/20/2019,1389,11591,14,11734,143,11.7,11.73,,
6/21/2019,1390,11604,13,11747,143,11.7,11.75,,
6/22/2019,1391,11616,12,11759,143,11.7,11.76,,
6/23/2019,1392,11628,12,11771,143,11.7,11.77,,
6/24/2019,1393,11640,12,11783,143,11.7,11.78,,
6/25/2019,1394,11652,12,11795,143,11.8,11.8,,
6/26/2019,1395,11663,11,11806,143,11.8,11.81,,
6/27/2019,1396,11673,10,11816,143,11.8,11.82,,
6/28/2019,1397,11686,13,11829,143,11.8,11.83,,
6/29/2019,1398,11697,11,11840,143,11.8,11.84,,
6/30/2019,1399,11710,13,11853,143,11.9,11.85,,
7/1/2019,1400,11723,13,11866,143,11.9,11.87,,
7/2/2019,1401,11735,12,11878,143,11.9,11.88,,
7/3/2019,1402,11748,13,11891,143,11.9,11.89,,
7/4/2019,1403,11761,13,11904,143,11.9,11.9,,
7/5/2019,1404,11773,12,11916,143,11.9,11.92,,
7/6/2019,1405,11785,12,11928,143,11.9,11.93,,
7/7/2019,1406,11796,11,11939,143,11.9,11.94,,
7/8/2019,1407,11802,6,11945,143,11.9,11.95,,
7/9/2019,1408,11811,9,11954,143,11.9,11.95,,
7/10/2019,1409,11823,12,11966,143,11.9,11.97,,
7/11/2019,1410,11835,12,11978,143,11.9,11.98,,
7/12/2019,1411,11848,13,11991,143,12,11.99,,
7/13/2019,1412,11861,13,12004,143,12,12,,
7/14/2019,1413,11873,12,12016,143,12,12.02,,
7/15/2019,1414,11885,12,12028,143,12,12.03,,
7/16/2019,1415,11897,12,12040,143,12,12.04,,
7/17/2019,1416,11910,13,12053,143,12,12.05,,
7/18/2019,1417,11922,12,12065,143,12.1,12.07,,
7/19/2019,1418,11933,11,12076,143,12.1,12.08,,
7/20/2019,1419,11946,13,12089,143,12.1,12.09,,
7/21/2019,1420,11957,11,12100,143,12.1,12.1,,
7/22/2019,1421,11969,12,12112,143,12.1,12.11,,
7/23/2019,1422,11982,13,12125,143,12.1,12.13,,
7/24/2019,1423,11993,11,12136,143,12.1,12.14,,
7/25/2019,1424,12004,11,12147,143,12.1,12.15,,
7/26/2019,1425,12017,13,12160,143,12.1,12.16,,
7/27/2019,1426,12029,12,12172,143,12.1,12.17,,
7/28/2019,1427,12040,11,12183,143,12.1,12.18,,
7/29/2019,1428,12053,13,12196,143,12.1,12.2,,
7/30/2019,1429,12065,12,12208,143,12.2,12.21,,
7/31/2019,1430,12077,12,12220,143,12.2,12.22,,
8/1/2019,1431,12086,9,12229,143,12.2,12.23,,
8/2/2019,1432,12097,11,12240,143,12.2,12.24,,
8/3/2019,1433,12110,13,12253,143,12.3,12.25,,
8/4/2019,1434,12121,11,12264,143,12.3,12.26,,
8/5/2019,1435,12131,10,12274,143,12.3,12.27,,
8/6/2019,1436,12143,12,12286,143,12.3,12.29,,
8/7/2019,1437,12155,12,12298,143,12.3,12.3,,
8/8/2019,1438,12166,11,12309,143,12.3,12.31,,
8/9/2019,1439,12178,12,12321,143,12.3,12.32,,
8/10/2019,1440,12189,11,12332,143,12.3,12.33,,
8/11/2019,1441,12200,11,12343,143,12.3,12.34,,
8/12/2019,1442,12211,11,12354,143,12.4,12.35,,
8/13/2019,1443,12223,12,12366,143,12.4,12.37,,
8/14/2019,1444,12234,11,12377,143,12.4,12.38,,
8/15/2019,1445,12245,11,12388,143,12.4,12.39,,
8/16/2019,1446,12256,11,12399,143,12.4,12.4,,
8/17/2019,1447,12268,12,12411,143,12.4,12.41,,
8/18/2019,1448,12279,11,12422,143,12.4,12.42,,
8/19/2019,1449,12286,7,12429,143,12.4,12.43,,
8/20/2019,1450,12296,10,12439,143,12.4,12.44,,
8/21/2019,1451,12307,11,12450,143,12.5,12.45,,
8/22/2019,1452,12318,11,12461,143,12.5,12.46,,
8/23/2019,1453,12329,11,12472,143,12.5,12.47,,
8/24/2019,1454,12340,11,12483,143,12.5,12.48,,
8/25/2019,1455,12351,11,12494,143,12.5,12.49,,
8/26/2019,1456,12362,11,12505,143,12.5,12.51,,
8/27/2019,1457,12373,11,12516,143,12.5,12.52,,
8/28/2019,1458,12382,9,12525,143,12.5,12.53,,
8/29/2019,1459,12393,11,12536,143,12.5,12.54,,
8/30/2019,1460,12404,11,12547,143,12.5,12.55,,
8/31/2019,1461,12415,11,12558,143,12.6,12.56,,
9/1/2019,1462,12425,10,12568,143,12.6,12.57,,
9/2/2019,1463,12436,11,12579,143,12.6,12.58,,
9/3/2019,1464,12447,11,12590,143,12.6,12.59,,
9/4/2019,1465,12457,10,12600,143,12.6,12.6,,
9/5/2019,1466,12466,9,12609,143,12.6,12.61,,
9/6/2019,1467,12477,11,12620,143,12.6,12.62,,
9/7/2019,1468,12483,6,12626,143,12.6,12.63,,
9/8/2019,1469,12493,10,12636,143,12.6,12.64,,
9/9/2019,1470,12504,11,12647,143,12.7,12.65,,
9/10/2019,1471,12514,10,12657,143,12.7,12.66,,
9/11/2019,1472,12525,11,12668,143,12.7,12.67,,
9/12/2019,1473,12534,9,12677,143,12.7,12.68,,
9/13/2019,1474,12544,10,12687,143,12.7,12.69,,
9/14/2019,1475,12554,10,12697,143,12.7,12.7,,
9/15/2019,1476,12565,11,12708,143,12.7,12.71,,
9/16/2019,1477,12576,11,12719,143,12.7,12.72,,
9/17/2019,1478,12587,11,12730,143,12.7,12.73,,
9/18/2019,1479,12595,8,12738,143,12.7,12.74,,
9/19/2019,1480,12606,11,12749,143,12.8,12.75,,
9/20/2019,1481,12616,10,12759,143,12.8,12.76,,
9/21/2019,1482,12626,10,12769,143,12.8,12.77,,
9/22/2019,1483,12636,10,12779,143,12.8,12.78,,
9/23/2019,1484,12646,10,12789,143,12.8,12.79,,
9/24/2019,1485,12656,10,12799,143,12.8,12.8,,
9/25/2019,1486,12665,9,12808,143,12.8,12.81,,
9/26/2019,1487,12675,10,12818,143,12.8,12.82,,
9/27/2019,1488,12680,5,12823,143,12.8,12.82,,
9/28/2019,1489,12691,11,12834,143,12.8,12.83,,
9/29/2019,1490,12701,10,12844,143,12.8,12.84,,
9/30/2019,1491,12711,10,12854,143,12.9,12.85,,
10/1/2019,1492,12721,10,12864,143,12.9,12.86,,
10/2/2019,1493,12731,10,12874,143,12.9,12.87,,
10/3/2019,1494,12741,10,12884,143,12.9,12.88,,
10/4/2019,1495,12751,10,12894,143,12.9,12.89,,
10/5/2019,1496,12761,10,12904,143,12.9,12.9,,
10/6/2019,1497,12769,8,12912,143,12.9,12.91,,
10/7/2019,1498,12778,9,12921,143,12.9,12.92,,
10/8/2019,1499,12787,9,12930,143,12.9,12.93,,
10/9/2019,1500,12797,10,12940,143,12.9,12.94,,
10/10/2019,1501,12806,9,12949,143,13,12.95,,
10/11/2019,1502,12815,9,12958,143,13,12.96,,
10/12/2019,1503,12824,9,12967,143,13,12.97,,
10/13/2019,1504,12833,9,12976,143,13,12.98,,
10/14/2019,1505,12842,9,12985,143,13,12.99,,
10/15/2019,1506,12850,8,12993,143,13,12.99,,
10/16/2019,1507,12855,5,12998,143,13,13,,
10/17/2019,1508,12864,9,13007,143,13,13.01,,
10/18/2019,1509,12873,9,13016,143,13,13.02,,
10/19/2019,1510,12877,4,13020,143,13,13.02,,
10/20/2019,1511,12885,8,13028,143,13,13.03,,
10/21/2019,1512,12893,8,13036,143,13,13.04,,
10/22/2019,1513,12902,9,13045,143,13,13.05,,
10/23/2019,1514,12910,8,13053,143,13.1,13.05,,
10/24/2019,1515,12918,8,13061,143,13.1,13.06,,
10/25/2019,1516,12925,7,13068,143,13.1,13.07,,
10/26/2019,1517,12933,8,13076,143,13.1,13.08,,
10/27/2019,1518,12942,9,13085,143,13.1,13.09,,
10/28/2019,1519,12950,8,13093,143,13.1,13.09,,
10/29/2019,1520,12958,8,13101,143,13.1,13.1,,
10/30/2019,1521,12966,8,13109,143,13.1,13.11,,
10/31/2019,1522,12974,8,13117,143,13.1,13.12,,
11/1/2019,1523,12981,7,13124,143,13.1,13.12,,
11/2/2019,1524,12989,8,13132,143,13.1,13.13,,
11/3/2019,1525,12996,7,13139,143,13.1,13.14,,
11/4/2019,1526,13003,7,13146,143,13.2,13.15,,
11/5/2019,1527,13011,8,13154,143,13.2,13.15,,
11/6/2019,1528,13018,7,13161,143,13.2,13.16,,
11/7/2019,1529,13024,6,13167,143,13.2,13.17,,
11/8/2019,1530,13031,7,13174,143,13.2,13.17,,
11/9/2019,1531,13038,7,13181,143,13.2,13.18,,
11/10/2019,1532,13045,7,13188,143,13.2,13.19,,
11/11/2019,1533,13050,5,13193,143,13.2,13.19,,
11/12/2019,1534,13055,5,13198,143,13.2,13.2,,
11/13/2019,1535,13060,5,13203,143,13.2,13.2,,
11/14/2019,1536,13061,1,13204,143,13.2,13.2,,
11/15/2019,1537,13068,7,13211,143,13.2,13.21,,
11/16/2019,1538,13074,6,13217,143,13.2,13.22,,
11/17/2019,1539,13080,6,13223,143,13.2,13.22,,
11/18/2019,1540,13087,7,13230,143,13.2,13.23,,
11/19/2019,1541,13093,6,13236,143,13.2,13.24,,
11/20/2019,1542,13099,6,13242,143,13.2,13.24,,
11/21/2019,1543,13105,6,13248,143,13.3,13.25,,
11/22/2019,1544,13111,6,13254,143,13.3,13.25,,
11/23/2019,1545,13117,6,13260,143,13.3,13.26,,
11/24/2019,1546,13123,6,13266,143,13.3,13.27,,
11/25/2019,1547,13130,7,13273,143,13.3,13.27,,
11/26/2019,1548,13131,1,13274,143,13.3,13.27,,
11/27/2019,1549,13134,3,13277,143,13.3,13.28,,
11/28/2019,1550,13140,6,13283,143,13.3,13.28,,
11/29/2019,1551,13145,5,13288,143,13.3,13.29,,
11/30/2019,1552,13146,1,13289,143,13.3,13.29,,
12/1/2019,1553,13146,0,13289,143,13.3,13.29,,
12/2/2019,1554,13147,1,13290,143,13.3,13.29,,
12/3/2019,1555,13149,2,13292,143,13.3,13.29,,
12/4/2019,1556,13151,2,13294,143,13.3,13.29,,
12/5/2019,1557,13153,2,13296,143,13.3,13.3,,
12/6/2019,1558,13155,2,13298,143,13.3,13.3,,
12/7/2019,1559,13156,1,13299,143,13.3,13.3,,
12/8/2019,1560,13160,4,13303,143,13.3,13.3,,
12/9/2019,1561,13162,2,13305,143,13.3,13.31,,
12/10/2019,1562,13167,5,13310,143,13.3,13.31,,
12/11/2019,1563,13168,1,13311,143,13.3,13.31,,
12/12/2019,1564,13169,1,13312,143,13.3,13.31,,
12/13/2019,1565,13170,1,13313,143,13.3,13.31,,
12/14/2019,1566,13176,6,13319,143,13.3,13.32,,
12/15/2019,1567,13182,6,13325,143,13.3,13.33,,
12/16/2019,1568,13188,6,13331,143,13.3,13.33,,
12/17/2019,1569,13191,3,13334,143,13.3,13.33,,
12/18/2019,1570,13193,2,13336,143,13.3,13.34,,
12/19/2019,1571,13197,4,13340,143,13.3,13.34,,
12/20/2019,1572,13201,4,13344,143,13.3,13.34,,
12/21/2019,1573,13203,2,13346,143,13.3,13.35,,
12/22/2019,1574,13205,2,13348,143,13.3,13.35,,
12/23/2019,1575,13211,6,13354,143,13.3,13.35,,
12/24/2019,1576,13214,3,13357,143,13.3,13.36,,
12/25/2019,1577,13216,2,13359,143,13.4,13.36,,
12/26/2019,1578,13222,6,13365,143,13.4,13.37,,
12/27/2019,1579,13228,6,13371,143,13.4,13.37,,
12/28/2019,1580,13234,6,13377,143,13.4,13.38,,
12/29/2019,1581,13235,1,13378,143,13.4,13.38,,
12/30/2019,1582,13241,6,13384,143,13.4,13.38,,
12/31/2019,1583,13247,6,13390,143,13.4,13.39,,
1/1/2020,1584,13250,3,13393,143,13.4,13.39,,
1/2/2020,1585,13257,7,13400,143,13.4,13.4,,
1/3/2020,1586,13262,5,13405,143,13.4,13.41,,
1/4/2020,1587,13266,4,13409,143,13.4,13.41,,
1/5/2020,1588,13273,7,13416,143,13.4,13.42,,
1/6/2020,1589,13279,6,13422,143,13.4,13.42,,
1/7/2020,1590,13285,6,13428,143,13.4,13.43,,
1/8/2020,1591,13288,3,13431,143,13.4,13.43,,
1/9/2020,1592,13292,4,13435,143,13.4,13.44,,
1/10/2020,1593,13299,7,13442,143,13.4,13.44,,
1/11/2020,1594,13306,7,13449,143,13.4,13.45,,
1/12/2020,1595,13311,5,13454,143,13.5,13.45,,
1/13/2020,1596,13315,4,13458,143,13.5,13.46,,
1/14/2020,1597,13321,6,13464,143,13.5,13.46,,
1/15/2020,1598,13325,4,13468,143,13.5,13.47,,
1/16/2020,1599,13326,1,13469,143,13.5,13.47,,
1/17/2020,1600,13332,6,13475,143,13.5,13.48,,
1/18/2020,1601,13338,6,13481,143,13.5,13.48,,
1/19/2020,1602,13341,3,13484,143,13.5,13.48,,
1/20/2020,1603,13344,3,13487,143,13.5,13.49,,
1/21/2020,1604,13345,1,13488,143,13.5,13.49,,
1/22/2020,1605,13352,7,13495,143,13.5,13.5,,
1/23/2020,1606,13355,3,13498,143,13.5,13.5,,
1/24/2020,1607,13361,6,13504,143,13.5,13.5,,
1/25/2020,1608,13366,5,13509,143,13.5,13.51,,
1/26/2020,1609,13373,7,13516,143,13.5,13.52,,
1/27/2020,1610,13378,5,13521,143,13.5,13.52,,
1/28/2020,1611,13381,3,13524,143,13.5,13.52,,
1/29/2020,1612,13387,6,13530,143,13.5,13.53,,
1/30/2020,1613,13393,6,13536,143,13.5,13.54,,
1/31/2020,1614,13399,6,13542,143,13.5,13.54,,
2/1/2020,1615,13407,8,13550,143,13.6,13.55,,
2/2/2020,1616,13415,8,13558,143,13.6,13.56,,
2/3/2020,1617,13423,8,13566,143,13.6,13.57,,
2/4/2020,1618,13431,8,13574,143,13.6,13.57,,
2/5/2020,1619,13439,8,13582,143,13.6,13.58,,
2/6/2020,1620,13447,8,13590,143,13.6,13.59,,
2/7/2020,1621,13455,8,13598,143,13.6,13.6,,
2/8/2020,1622,13463,8,13606,143,13.6,13.61,,
2/9/2020,1623,13472,9,13615,143,13.6,13.62,,
2/10/2020,1624,13480,8,13623,143,13.6,13.62,,
2/11/2020,1625,13488,8,13631,143,13.6,13.63,,
2/12/2020,1626,13496,8,13639,143,13.6,13.64,,
2/13/2020,1627,13501,5,13644,143,13.6,13.64,,
2/14/2020,1628,13509,8,13652,143,13.6,13.65,,
2/15/2020,1629,13517,8,13660,143,13.7,13.66,,
2/16/2020,1630,13525,8,13668,143,13.7,13.67,,
2/17/2020,1631,13533,8,13676,143,13.7,13.68,,
2/18/2020,1632,13542,9,13685,143,13.7,13.69,,
2/19/2020,1633,13550,8,13693,143,13.7,13.69,,
2/20/2020,1634,13558,8,13701,143,13.7,13.7,,
2/21/2020,1635,13565,7,13708,143,13.7,13.71,,
2/22/2020,1636,13572,7,13715,143,13.7,13.72,,
2/23/2020,1637,13581,9,13724,143,13.7,13.72,,
2/24/2020,1638,13590,9,13733,143,13.7,13.73,,
2/25/2020,1639,13599,9,13742,143,13.7,13.74,,
2/26/2020,1640,13608,9,13751,143,13.7,13.75,,
2/27/2020,1641,13616,8,13759,143,13.7,13.76,,
2/28/2020,1642,13623,7,13766,143,13.7,13.77,,
2/29/2020,1643,13632,9,13775,143,13.8,13.78,,
3/1/2020,1644,13637,5,13780,143,13.8,13.78,,
3/2/2020,1645,13647,10,13790,143,13.8,13.79,,
3/3/2020,1646,13656,9,13799,143,13.8,13.8,,
3/4/2020,1647,13665,9,13808,143,13.8,13.81,,
3/5/2020,1648,13673,8,13816,143,13.8,13.82,,
3/6/2020,1649,13678,5,13821,143,13.8,13.82,,
3/7/2020,1650,13683,5,13826,143,13.8,13.83,,
3/8/2020,1651,13689,6,13832,143,13.8,13.83,,
3/9/2020,1652,13697,8,13840,143,13.8,13.84,,
3/10/2020,1653,13704,7,13847,143,13.9,13.85,,
3/11/2020,1654,13714,10,13857,143,13.9,13.86,,
3/12/2020,1655,13724,10,13867,143,13.9,13.87,,
3/13/2020,1656,13734,10,13877,143,13.9,13.88,,
3/14/2020,1657,13736,2,13879,143,13.9,13.88,,
3/15/2020,1658,13739,3,13882,143,13.9,13.88,,
3/16/2020,1659,13747,8,13890,143,13.9,13.89,,
3/17/2020,1660,13755,8,13898,143,13.9,13.9,,
3/18/2020,1661,13761,6,13904,143,13.9,13.9,,
3/19/2020,1662,13767,6,13910,143,13.9,13.91,,
3/20/2020,1663,13773,6,13916,143,13.9,13.92,,
3/21/2020,1664,13779,6,13922,143,13.9,13.92,,
3/22/2020,1665,13786,7,13929,143,13.9,13.93,,
3/23/2020,1666,13789,3,13932,143,13.9,13.93,,
3/24/2020,1667,13793,4,13936,143,13.9,13.94,,
3/25/2020,1668,13803,10,13946,143,14,13.95,,
3/26/2020,1669,13812,9,13955,143,14,13.96,,
,,,,,,,,,
,,,,,,,,,
,,,,,,,,,
,,,,,,,,,
,,,,,,,,,
,,,,,,,,,
,,,,,,,,,
,,,,,,,,,
,,,,,,,,,
,,,,,,,,,
,,,,,,,,,
,,,,,,,,,
,,,,,,,,,
,,,,,,,,,
,,,,,,,,,
,,,,,,,,,
,,,,,,,,,
,,,,,,,,,
,,,,,,,,,
,,,,,,,,,
,,,,,,,,,
,,,,,,,,,
,,,,,,,,,
,,,,,,,,,
,,,,,,,,,
,,,,,,,,,
,,,,,,,,,
,,,,,,,,,
,,,,,,,,,
,,,,,,,,,
,,,,,,,,,
,,,,,,,,,
,,,,,,,,,
,,,,,,,,,
,,,,,,,,,
,,,,,,,,,
,,,,,,,,,
,,,,,,,,,
,,,,,,,,,
,,,,,,,,,
,,,,,,,,,
,,,,,,,,,
,,,,,,,,,
,,,,,,,,,
,,,,,,,,,
,,,,,,,,,
,,,,,,,,,
,,,,,,,,,
,,,,,,,,,
,,,,,,,,,
,,,,,,,,,
,,,,,,,,,
,,,,,,,,,
,,,,,,,,,
,,,,,,,,,
,,,,,,,,,
,,,,,,,,,
,,,,,,,,,
,,,,,,,,,
,,,,,,,,,
,,,,,,,,,
,,,,,,,,,
,,,,,,,,,
,,,,,,,,,
,,,,,,,,,
,,,,,,,,,
,,,,,,,,,
,,,,,,,,,
,,,,,,,,,
,,,,,,,,,
,,,,,,,,,
