Date,ID,Net Kwh,DailyGenerations
9/1/2015,1,12,12
9/2/2015,2,24,12
9/3/2015,3,35,11
9/4/2015,4,46,11
9/5/2015,5,58,12
9/6/2015,6,70,12
9/7/2015,7,82,12
9/8/2015,8,94,12
9/9/2015,9,105,11
9/10/2015,10,115,10
9/11/2015,11,126,11
9/12/2015,12,131,5
9/13/2015,13,140,9
9/14/2015,14,145,5
9/15/2015,15,155,10
9/16/2015,16,161,6
9/17/2015,17,172,11
9/18/2015,18,183,11
9/19/2015,19,195,12
9/20/2015,20,206,11
9/21/2015,21,217,11
9/22/2015,22,224,7
9/23/2015,23,236,12
9/24/2015,24,244,8
9/25/2015,25,255,11
9/26/2015,26,266,11
9/27/2015,27,274,8
9/28/2015,28,284,10
9/29/2015,29,292,8
9/30/2015,30,294,2
10/1/2015,31,303,9
10/2/2015,32,314,11
10/3/2015,33,325,11
10/4/2015,34,335,10
10/5/2015,35,345,10
10/6/2015,36,355,10
10/7/2015,37,365,10
10/8/2015,38,374,9
10/9/2015,39,384,10
10/10/2015,40,393,9
10/11/2015,41,403,10
10/12/2015,42,412,9
10/13/2015,43,421,9
10/14/2015,44,430,9
10/15/2015,45,435,5
10/16/2015,46,444,9
10/17/2015,47,448,4
10/18/2015,48,457,9
10/19/2015,49,466,9
10/20/2015,50,475,9
10/21/2015,51,484,9
10/22/2015,52,493,9
10/23/2015,53,499,6
10/24/2015,54,506,7
10/25/2015,55,515,9
10/26/2015,56,523,8
10/27/2015,57,525,2
10/28/2015,58,533,8
10/29/2015,59,542,9
10/30/2015,60,550,8
10/31/2015,61,558,8
11/1/2015,62,562,4
11/2/2015,63,571,6
11/3/2015,64,579,8
11/4/2015,65,588,9
11/5/2015,66,595,7
11/6/2015,67,603,8
11/7/2015,68,611,8
11/8/2015,69,615,4
11/9/2015,70,619,4
11/10/2015,71,627,8
11/11/2015,72,635,8
11/12/2015,73,643,8
11/13/2015,74,650,7
11/14/2015,75,658,8
11/15/2015,76,665,7
11/16/2015,77,673,8
11/17/2015,78,680,7
11/18/2015,79,687,7
11/19/2015,80,694,7
11/20/2015,81,701,7
11/21/2015,82,707,6
11/22/2015,83,713,6
11/23/2015,84,715,2
11/24/2015,85,720,5
11/25/2015,86,727,7
11/26/2015,87,735,8
11/27/2015,88,742,7
11/28/2015,89,750,8
11/29/2015,90,757,7
11/30/2015,91,759,2
12/1/2015,92,766,7
12/2/2015,93,770,4
12/3/2015,94,771,1
12/4/2015,95,778,7
12/5/2015,96,781,3
12/6/2015,97,783,2
12/7/2015,98,786,3
12/8/2015,99,788,2
12/9/2015,100,790,2
12/10/2015,101,795,5
12/11/2015,102,801,6
12/12/2015,103,806,5
12/13/2015,104,809,3
12/14/2015,105,816,7
12/15/2015,106,823,7
12/16/2015,107,830,7
12/17/2015,108,834,4
12/18/2015,109,836,2
12/19/2015,110,842,6
12/20/2015,111,844,2
12/21/2015,112,844,0
12/22/2015,113,847,3
12/23/2015,114,854,7
12/24/2015,115,857,3
12/25/2015,116,864,7
12/26/2015,117,871,7
12/27/2015,118,875,4
12/28/2015,119,879,4
12/29/2015,120,886,7
12/30/2015,121,888,2
12/31/2015,122,895,7
1/1/2016,123,902,7
1/2/2016,124,905,3
1/3/2016,125,908,3
1/4/2016,126,911,3
1/5/2016,127,913,2
1/6/2016,128,915,2
1/7/2016,129,921,6
1/8/2016,130,924,3
1/9/2016,131,925,1
1/10/2016,132,928,3
1/11/2016,133,932,4
1/12/2016,134,936,4
1/13/2016,135,942,6
1/14/2016,136,944,2
1/15/2016,137,950,6
1/16/2016,138,952,2
1/17/2016,139,952,0
1/18/2016,140,955,3
1/19/2016,141,958,3
1/20/2016,142,964,6
1/21/2016,143,968,4
1/22/2016,144,969,1
1/23/2016,145,975,6
1/24/2016,146,982,7
1/25/2016,147,987,5
1/26/2016,148,994,7
1/27/2016,149,1002,8
1/28/2016,150,1005,3
1/29/2016,151,1006,1
1/30/2016,152,1012,6
1/31/2016,153,1021,9
2/1/2016,154,1030,9
2/2/2016,155,1036,6
2/3/2016,156,1041,5
2/4/2016,157,1048,7
2/5/2016,158,1056,8
2/6/2016,159,1063,7
2/7/2016,160,1072,9
2/8/2016,161,1081,9
2/9/2016,162,1087,6
2/10/2016,163,1095,8
2/11/2016,164,1102,7
2/12/2016,165,1110,8
2/13/2016,166,1119,9
2/14/2016,167,1127,8
2/15/2016,168,1135,9
2/16/2016,169,1144,9
2/17/2016,170,1148,4
2/18/2016,171,1156,8
2/19/2016,172,1159,3
2/20/2016,173,1168,9
2/21/2016,174,1178,10
2/22/2016,175,1187,9
2/23/2016,176,1196,9
2/24/2016,177,1206,10
2/25/2016,178,1215,9
2/26/2016,179,1224,9
2/27/2016,180,1233,9
2/28/2016,181,1239,6
2/29/2016,182,1249,10
3/1/2016,183,1259,10
3/2/2016,184,1267,8
3/3/2016,185,1270,3
3/4/2016,186,1271,1
3/5/2016,187,1273,2
3/6/2016,188,1278,5
3/7/2016,189,1284,6
3/8/2016,190,1289,5
3/9/2016,191,1292,3
3/10/2016,192,1293,1
3/11/2016,193,1297,4
3/12/2016,194,1300,3
3/13/2016,195,1301,1
3/14/2016,196,1311,10
3/15/2016,197,1322,11
3/16/2016,198,1333,11
3/17/2016,199,1344,11
3/18/2016,200,1354,10
3/19/2016,201,1363,9
3/20/2016,202,1367,4
3/21/2016,203,1371,4
3/22/2016,204,1382,11
3/23/2016,205,1393,11
3/24/2016,206,1405,12
3/25/2016,207,1417,12
3/26/2016,208,1428,11
3/27/2016,209,1438,10
3/28/2016,210,1449,11
3/29/2016,211,1461,12
3/30/2016,212,1473,12
3/31/2016,213,1485,12
4/1/2016,214,1496,11
4/2/2016,215,1508,12
4/3/2016,216,1519,11
4/4/2016,217,1531,12
4/5/2016,218,1543,12
4/6/2016,219,1554,11
4/7/2016,220,1563,9
4/8/2016,221,1567,4
4/9/2016,222,1570,3
4/10/2016,223,1574,4
4/11/2016,224,1583,9
4/12/2016,225,1593,10
4/13/2016,226,1605,12
4/14/2016,227,1617,12
4/15/2016,228,1630,13
4/16/2016,229,1643,13
4/17/2016,230,1655,12
4/18/2016,231,1667,12
4/19/2016,232,1675,8
4/20/2016,233,1687,12
4/21/2016,234,1696,9
4/22/2016,235,1704,8
4/23/2016,236,1716,12
4/24/2016,237,1729,13
4/25/2016,238,1742,13
4/26/2016,239,1754,12
4/27/2016,240,1762,8
4/28/2016,241,1775,13
4/29/2016,242,1788,13
4/30/2016,243,1801,13
5/1/2016,244,1813,12
5/2/2016,245,1826,13
5/3/2016,246,1835,9
5/4/2016,247,1845,10
5/5/2016,248,1852,7
5/6/2016,249,1854,2
5/7/2016,250,1857,3
5/8/2016,251,1867,10
5/9/2016,252,1879,12
5/10/2016,253,1892,13
5/11/2016,254,1906,14
5/12/2016,255,1919,13
5/13/2016,256,1932,13
5/14/2016,257,1943,11
5/15/2016,258,1956,13
5/16/2016,259,1970,14
5/17/2016,260,1982,12
5/18/2016,261,1995,13
5/19/2016,262,2007,12
5/20/2016,263,2019,12
5/21/2016,264,2030,11
5/22/2016,265,2039,9
5/23/2016,266,2051,12
5/24/2016,267,2057,6
5/25/2016,268,2065,8
5/26/2016,269,2079,14
5/27/2016,270,2092,13
5/28/2016,271,2104,12
5/29/2016,272,2117,13
5/30/2016,273,2130,13
5/31/2016,274,2143,13
6/1/2016,275,2157,14
6/2/2016,276,2170,13
6/3/2016,277,2183,13
6/4/2016,278,2193,10
6/5/2016,279,2207,14
6/6/2016,280,2220,13
6/7/2016,281,2231,11
6/8/2016,282,2243,12
6/9/2016,283,2252,9
6/10/2016,284,2263,11
6/11/2016,285,2275,12
6/12/2016,286,2288,13
6/13/2016,287,2303,15
6/14/2016,288,2315,12
6/15/2016,289,2328,13
6/16/2016,290,2341,13
6/17/2016,291,2348,7
6/18/2016,292,2361,13
6/19/2016,293,2373,12
6/20/2016,294,2385,12
6/21/2016,295,2398,13
6/22/2016,296,2412,14
6/23/2016,297,2424,12
6/24/2016,298,2438,14
6/25/2016,299,2451,13
6/26/2016,300,2463,12
6/27/2016,301,2475,12
6/28/2016,302,2488,13
6/29/2016,303,2501,13
6/30/2016,304,2514,13
7/1/2016,305,2527,13
7/2/2016,306,2539,12
7/3/2016,307,2553,14
7/4/2016,308,2566,13
7/5/2016,309,2578,12
7/6/2016,310,2588,10
7/7/2016,311,2594,6
7/8/2016,312,2607,13
7/9/2016,313,2620,13
7/10/2016,314,2633,13
7/11/2016,315,2646,13
7/12/2016,316,2659,13
7/13/2016,317,2672,13
7/14/2016,318,2685,13
7/15/2016,319,2698,13
7/16/2016,320,2711,13
7/17/2016,321,2721,10
7/18/2016,322,2732,11
7/19/2016,323,2744,12
7/20/2016,324,2757,13
7/21/2016,325,2770,13
7/22/2016,326,2783,13
7/23/2016,327,2795,12
7/24/2016,328,2808,13
7/25/2016,329,2821,13
7/26/2016,330,2833,12
7/27/2016,331,2845,12
7/28/2016,332,2857,12
7/29/2016,333,2869,12
7/30/2016,334,2882,13
7/31/2016,335,2895,13
8/1/2016,336,2908,13
8/2/2016,337,2921,13
8/3/2016,338,2933,12
8/4/2016,339,2939,6
8/5/2016,340,2950,11
8/6/2016,341,2961,11
8/7/2016,342,2974,13
8/8/2016,343,2987,13
8/9/2016,344,2999,12
8/10/2016,345,3012,13
8/11/2016,346,3024,12
8/12/2016,347,3036,12
8/13/2016,348,3048,12
8/14/2016,349,3060,12
8/15/2016,350,3072,12
8/16/2016,351,3084,12
8/17/2016,352,3096,12
8/18/2016,353,3107,11
8/19/2016,354,3119,12
8/20/2016,355,3130,11
8/21/2016,356,3140,10
8/22/2016,357,3150,10
8/23/2016,358,3161,11
8/24/2016,359,3172,11
8/25/2016,360,3182,10
8/26/2016,361,3193,11
8/27/2016,362,3204,11
8/28/2016,363,3215,11
8/29/2016,364,3226,11
8/30/2016,365,3238,12
8/31/2016,366,3249,11
9/1/2016,367,3256,7
9/2/2016,368,3267,11
9/3/2016,369,3274,7
9/4/2016,370,3285,11
9/5/2016,371,3296,11
9/6/2016,372,3306,10
9/7/2016,373,3317,11
9/8/2016,374,3328,11
9/9/2016,375,3338,10
9/10/2016,376,3349,11
9/11/2016,377,3359,10
9/12/2016,378,3365,6
9/13/2016,379,3375,10
9/14/2016,380,3385,10
9/15/2016,381,3397,12
9/16/2016,382,3407,10
9/17/2016,383,3418,11
9/18/2016,384,3428,10
9/19/2016,385,3437,9
9/20/2016,386,3447,10
9/21/2016,387,3458,11
9/22/2016,388,3468,10
9/23/2016,389,3478,10
9/24/2016,390,3488,10
9/25/2016,391,3497,9
9/26/2016,392,3507,10
9/27/2016,393,3517,10
9/28/2016,394,3527,10
9/29/2016,395,3536,9
9/30/2016,396,3545,9
10/1/2016,397,3555,10
10/2/2016,398,3564,9
10/3/2016,399,3567,3
10/4/2016,400,3576,9
10/5/2016,401,3586,10
10/6/2016,402,3595,9
10/7/2016,403,3605,10
10/8/2016,404,3614,9
10/9/2016,405,3624,10
10/10/2016,406,3633,9
10/11/2016,407,3641,8
10/12/2016,408,3648,7
10/13/2016,409,3655,7
10/14/2016,410,3656,1
10/15/2016,411,3660,4
10/16/2016,412,3662,2
10/17/2016,413,3671,9
10/18/2016,414,3680,9
10/19/2016,415,3689,9
10/20/2016,416,3698,9
10/21/2016,417,3707,9
10/22/2016,418,3714,7
10/23/2016,419,3723,9
10/24/2016,420,3725,2
10/25/2016,421,3727,2
10/26/2016,422,3736,9
10/27/2016,423,3737,1
10/28/2016,424,3741,4
10/29/2016,425,3749,8
10/30/2016,426,3754,5
10/31/2016,427,3759,5
11/1/2016,428,3767,8
11/2/2016,429,3775,8
11/3/2016,430,3783,8
11/4/2016,431,3791,8
11/5/2016,432,3798,7
11/6/2016,433,3802,4
11/7/2016,434,3807,5
11/8/2016,435,3814,7
11/9/2016,436,3822,8
11/10/2016,437,3828,6
11/11/2016,438,3832,4
11/12/2016,439,3839,7
11/13/2016,440,3846,7
11/14/2016,441,3852,6
11/15/2016,442,3853,1
11/16/2016,443,3861,8
11/17/2016,444,3868,7
11/18/2016,445,3875,7
11/19/2016,446,3876,1
11/20/2016,447,3878,2
11/21/2016,448,3884,6
11/22/2016,449,3889,5
11/23/2016,450,3895,6
11/24/2016,451,3901,6
11/25/2016,452,3905,4
11/26/2016,453,3911,6
11/27/2016,454,3913,2
11/28/2016,455,3918,5
11/29/2016,456,3925,7
11/30/2016,457,3927,2
12/1/2016,458,3934,7
12/2/2016,459,3941,7
12/3/2016,460,3947,6
12/4/2016,461,3952,5
12/5/2016,462,3954,2
12/6/2016,463,3959,5
12/7/2016,464,3961,2
12/8/2016,465,3962,1
12/9/2016,466,3964,2
12/10/2016,467,3965,1
12/11/2016,468,3968,3
12/12/2016,469,3971,3
12/13/2016,470,3973,2
12/14/2016,471,3975,2
12/15/2016,472,3975,0
12/16/2016,473,3982,7
12/17/2016,474,3989,7
12/18/2016,475,3995,6
12/19/2016,476,4002,7
12/20/2016,477,4007,5
12/21/2016,478,4012,5
12/22/2016,479,4020,8
12/23/2016,480,4021,1
12/24/2016,481,4028,7
12/25/2016,482,4033,5
12/26/2016,483,4039,6
12/27/2016,484,4044,5
12/28/2016,485,4051,7
12/29/2016,486,4057,6
12/30/2016,487,4063,6
12/31/2016,488,4067,4
1/1/2017,489,4073,6
1/2/2017,490,4077,4
1/3/2017,491,4078,1
1/4/2017,492,4078,0
1/5/2017,493,4085,7
1/6/2017,494,4090,5
1/7/2017,495,4091,1
1/8/2017,496,4091,0
1/9/2017,497,4093,2
1/10/2017,498,4094,1
1/11/2017,499,4097,3
1/12/2017,500,4100,3
1/13/2017,501,4107,7
1/14/2017,502,4114,7
1/15/2017,503,4121,7
1/16/2017,504,4128,7
1/17/2017,505,4134,6
1/18/2017,506,4135,1
1/19/2017,507,4140,5
1/20/2017,508,4144,4
1/21/2017,509,4146,2
1/22/2017,510,4149,3
1/23/2017,511,4154,5
1/24/2017,512,4162,8
1/25/2017,513,4168,6
1/26/2017,514,4176,8
1/27/2017,515,4183,7
1/28/2017,516,4191,8
1/29/2017,517,4198,7
1/30/2017,518,4205,7
1/31/2017,519,4211,6
2/1/2017,520,4212,1
2/2/2017,521,4215,3
2/3/2017,522,4218,3
2/4/2017,523,4221,3
2/5/2017,524,4224,3
2/6/2017,525,4225,1
2/7/2017,526,4226,1
2/8/2017,527,4227,1
2/9/2017,528,4227,0
2/10/2017,529,4235,8
2/11/2017,530,4244,9
2/12/2017,531,4252,8
2/13/2017,532,4259,7
2/14/2017,533,4268,9
2/15/2017,534,4272,4
2/16/2017,535,4281,9
2/17/2017,536,4282,1
2/18/2017,537,4288,6
2/19/2017,538,4290,2
2/20/2017,539,4291,1
2/21/2017,540,4296,5
2/22/2017,541,4305,9
2/23/2017,542,4315,10
2/24/2017,543,4324,9
2/25/2017,544,4332,8
2/26/2017,545,4341,9
2/27/2017,546,4352,11
2/28/2017,547,4363,11
3/1/2017,548,4372,9
3/2/2017,549,4382,10
3/3/2017,550,4391,9
3/4/2017,551,4397,6
3/5/2017,552,4406,9
3/6/2017,553,4412,6
3/7/2017,554,4420,8
3/8/2017,555,4430,10
3/9/2017,556,4439,9
3/10/2017,557,4446,7
3/11/2017,558,4456,10
3/12/2017,559,4466,10
3/13/2017,560,4477,11
3/14/2017,561,4487,10
3/15/2017,562,4495,8
3/16/2017,563,4503,8
3/17/2017,564,4513,10
3/18/2017,565,4520,7
3/19/2017,566,4525,5
3/20/2017,567,4527,2
3/21/2017,568,4538,11
3/22/2017,569,4547,9
3/23/2017,570,4557,10
3/24/2017,571,4558,1
3/25/2017,572,4569,11
3/26/2017,573,4575,6
3/27/2017,574,4586,11
3/28/2017,575,4598,12
3/29/2017,576,4609,11
3/30/2017,577,4621,12
3/31/2017,578,4633,12
4/1/2017,579,4644,11
4/2/2017,580,4656,12
4/3/2017,581,4668,12
4/4/2017,582,4677,9
4/5/2017,583,4685,8
4/6/2017,584,4687,2
4/7/2017,585,4693,6
4/8/2017,586,4704,11
4/9/2017,587,4716,12
4/10/2017,588,4727,11
4/11/2017,589,4731,4
4/12/2017,590,4738,7
4/13/2017,591,4749,11
4/14/2017,592,4761,12
4/15/2017,593,4771,10
4/16/2017,594,4773,2
4/17/2017,595,4776,3
4/18/2017,596,4788,12
4/19/2017,597,4800,12
4/20/2017,598,4812,12
4/21/2017,599,4824,12
4/22/2017,600,4831,7
4/23/2017,601,4843,12
4/24/2017,602,4848,5
4/25/2017,603,4859,11
4/26/2017,604,4863,4
4/27/2017,605,4875,12
4/28/2017,606,4888,13
4/29/2017,607,4901,13
4/30/2017,608,4913,12
5/1/2017,609,4925,12
5/2/2017,610,4937,12
5/3/2017,611,4948,11
5/4/2017,612,4960,12
5/5/2017,613,4973,13
5/6/2017,614,4983,10
5/7/2017,615,4995,12
5/8/2017,616,5008,13
5/9/2017,617,5020,12
5/10/2017,618,5032,12
5/11/2017,619,5043,11
5/12/2017,620,5056,13
5/13/2017,621,5068,12
5/14/2017,622,5082,14
5/15/2017,623,5094,12
5/16/2017,624,5103,9
5/17/2017,625,5116,13
5/18/2017,626,5128,12
5/19/2017,627,5140,12
5/20/2017,628,5152,12
5/21/2017,629,5165,13
5/22/2017,630,5177,12
5/23/2017,631,5190,13
5/24/2017,632,5202,12
5/25/2017,633,5214,12
5/26/2017,634,5222,8
5/27/2017,635,5235,13
5/28/2017,636,5244,9
5/29/2017,637,5251,7
5/30/2017,638,5260,9
5/31/2017,639,5272,12
6/1/2017,640,5284,12
6/2/2017,641,5297,13
6/3/2017,642,5309,12
6/4/2017,643,5322,13
6/5/2017,644,5334,12
6/6/2017,645,5347,13
6/7/2017,646,5355,8
6/8/2017,647,5361,6
6/9/2017,648,5374,13
6/10/2017,649,5387,13
6/11/2017,650,5400,13
6/12/2017,651,5412,12
6/13/2017,652,5424,12
6/14/2017,653,5437,13
6/15/2017,654,5450,13
6/16/2017,655,5462,12
6/17/2017,656,5474,12
6/18/2017,657,5485,11
6/19/2017,658,5497,12
6/20/2017,659,5509,12
6/21/2017,660,5522,13
6/22/2017,661,5534,12
6/23/2017,662,5546,12
6/24/2017,663,5557,11
6/25/2017,664,5569,12
6/26/2017,665,5582,13
6/27/2017,666,5592,10
6/28/2017,667,5603,11
6/29/2017,668,5616,13
6/30/2017,669,5628,12
7/1/2017,670,5641,13
7/2/2017,671,5653,12
7/3/2017,672,5666,13
7/4/2017,673,5680,14
7/5/2017,674,5692,12
7/6/2017,675,5704,12
7/7/2017,676,5716,12
7/8/2017,677,5728,12
7/9/2017,678,5740,12
7/10/2017,679,5752,12
7/11/2017,680,5764,12
7/12/2017,681,5776,12
7/13/2017,682,5789,13
7/14/2017,683,5801,12
7/15/2017,684,5813,12
7/16/2017,685,5824,11
7/17/2017,686,5836,12
7/18/2017,687,5849,13
7/19/2017,688,5861,12
7/20/2017,689,5873,12
7/21/2017,690,5885,12
7/22/2017,691,5897,12
7/23/2017,692,5909,12
7/24/2017,693,5921,12
7/25/2017,694,5933,12
7/26/2017,695,5945,12
7/27/2017,696,5956,11
7/28/2017,697,5969,13
7/29/2017,698,5981,12
7/30/2017,699,5993,12
7/31/2017,700,6006,13
8/1/2017,701,6017,11
8/2/2017,702,6028,11
8/3/2017,703,6034,6
8/4/2017,704,6037,3
8/5/2017,705,6048,11
8/6/2017,706,6060,12
8/7/2017,707,6070,10
8/8/2017,708,6080,10
8/9/2017,709,6084,4
8/10/2017,710,6094,10
8/11/2017,711,6104,10
8/12/2017,712,6113,9
8/13/2017,713,6123,10
8/14/2017,714,6125,2
8/15/2017,715,6135,10
8/16/2017,716,6145,10
8/17/2017,717,6158,13
8/18/2017,718,6169,11
8/19/2017,719,6179,10
8/20/2017,720,6189,10
8/21/2017,721,6198,9
8/22/2017,722,6209,11
8/23/2017,723,6220,11
8/24/2017,724,6229,9
8/25/2017,725,6241,12
8/26/2017,726,6251,10
8/27/2017,727,6262,11
8/28/2017,728,6272,10
8/29/2017,729,6283,11
8/30/2017,730,6294,11
8/31/2017,731,6304,10
9/1/2017,732,6313,9
9/2/2017,733,6322,9
9/3/2017,734,6330,8
9/4/2017,735,6334,4
9/5/2017,736,6344,10
9/6/2017,737,6353,9
9/7/2017,738,6356,3
9/8/2017,739,6365,9
9/9/2017,740,6374,9
9/10/2017,741,6384,10
9/11/2017,742,6390,6
9/12/2017,743,6400,10
9/13/2017,744,6406,6
9/14/2017,745,6416,10
9/15/2017,746,6426,10
9/16/2017,747,6435,9
9/17/2017,748,6446,11
9/18/2017,749,6453,7
9/19/2017,750,6464,11
9/20/2017,751,6469,5
9/21/2017,752,6479,10
9/22/2017,753,6491,12
9/23/2017,754,6500,9
9/24/2017,755,6510,10
9/25/2017,756,6520,10
9/26/2017,757,6530,10
9/27/2017,758,6540,10
9/28/2017,759,6549,9
9/29/2017,760,6559,10
9/30/2017,761,6569,10
10/1/2017,762,6579,10
10/2/2017,763,6589,10
10/3/2017,764,6598,9
10/4/2017,765,6608,10
10/5/2017,766,6617,9
10/6/2017,767,6627,10
10/7/2017,768,6637,10
10/8/2017,769,6645,8
10/9/2017,770,6654,9
10/10/2017,771,6661,7
10/11/2017,772,6667,6
10/12/2017,773,6675,8
10/13/2017,774,6683,8
10/14/2017,775,6692,9
10/15/2017,776,6700,8
10/16/2017,777,6707,7
10/17/2017,778,6713,6
10/18/2017,779,6721,8
10/19/2017,780,6724,3
10/20/2017,781,6731,7
10/21/2017,782,6740,9
10/22/2017,783,6749,9
10/23/2017,784,6757,8
10/24/2017,785,6765,8
10/25/2017,786,6772,7
10/26/2017,787,6780,8
10/27/2017,788,6788,8
10/28/2017,789,6796,8
10/29/2017,790,6802,6
10/30/2017,791,6808,6
10/31/2017,792,6816,8
11/1/2017,793,6823,7
11/2/2017,794,6829,6
11/3/2017,795,6832,3
11/4/2017,796,6837,5
11/5/2017,797,6845,8
11/6/2017,798,6853,8
11/7/2017,799,6860,7
11/8/2017,800,6861,1
11/9/2017,801,6867,6
11/10/2017,802,6871,4
11/11/2017,803,6877,6
11/12/2017,804,6884,7
11/13/2017,805,6888,4
11/14/2017,806,6895,7
11/15/2017,807,6898,3
11/16/2017,808,6899,1
11/17/2017,809,6906,7
11/18/2017,810,6913,7
11/19/2017,811,6919,6
11/20/2017,812,6921,2
11/21/2017,813,6927,6
11/22/2017,814,6931,4
11/23/2017,815,6933,2
11/24/2017,816,6938,5
11/25/2017,817,6940,2
11/26/2017,818,6940,0
11/27/2017,819,6947,7
11/28/2017,820,6953,6
11/29/2017,821,6959,6
11/30/2017,822,6966,7
12/1/2017,823,6972,6
12/2/2017,824,6976,4
12/3/2017,825,6983,7
12/4/2017,826,6989,6
12/5/2017,827,6996,7
12/6/2017,828,7002,6
12/7/2017,829,7007,5
12/8/2017,830,7012,5
12/9/2017,831,7018,6
12/10/2017,832,7024,6
12/11/2017,833,7030,6
12/12/2017,834,7036,6
12/13/2017,835,7041,5
12/14/2017,836,7047,6
12/15/2017,837,7051,4
12/16/2017,838,7057,6
12/17/2017,839,7063,6
12/18/2017,840,7069,6
12/19/2017,841,7073,4
12/20/2017,842,7080,7
12/21/2017,843,7086,6
12/22/2017,844,7091,5
12/23/2017,845,7096,5
12/24/2017,846,7097,1
12/25/2017,847,7100,3
12/26/2017,848,7106,6
12/27/2017,849,7112,6
12/28/2017,850,7117,5
12/29/2017,851,7123,6
12/30/2017,852,7128,5
12/31/2017,853,7132,4
1/1/2018,854,7137,5
1/2/2018,855,7138,1
1/3/2018,856,7139,1
1/4/2018,857,7141,2
1/5/2018,858,7142,1
1/6/2018,859,7148,6
1/7/2018,860,7150,2
1/8/2018,861,7150,0
1/9/2018,862,7151,1
1/10/2018,863,7153,2
1/11/2018,864,7157,4
1/12/2018,865,7163,6
1/13/2018,866,7169,6
1/14/2018,867,7172,3
1/15/2018,868,7176,4
1/16/2018,869,7179,3
1/17/2018,870,7184,5
1/18/2018,871,7186,2
1/19/2018,872,7191,5
1/20/2018,873,7198,7
1/21/2018,874,7202,4
1/22/2018,875,7207,5
1/23/2018,876,7214,7
1/24/2018,877,7216,2
1/25/2018,878,7221,5
1/26/2018,879,7228,7
1/27/2018,880,7235,7
1/28/2018,881,7243,8
1/29/2018,882,7246,3
1/30/2018,883,7254,8
1/31/2018,884,7261,7
2/1/2018,885,7268,7
2/2/2018,886,7275,7
2/3/2018,887,7282,7
2/4/2018,888,7290,8
2/5/2018,889,7297,7
2/6/2018,890,7305,8
2/7/2018,891,7312,7
2/8/2018,892,7320,8
2/9/2018,893,7327,7
2/10/2018,894,7335,8
2/11/2018,895,7340,5
2/12/2018,896,7347,7
2/13/2018,897,7356,9
2/14/2018,898,7363,7
2/15/2018,899,7372,9
2/16/2018,900,7381,9
2/17/2018,901,7389,8
2/18/2018,902,7398,9
2/19/2018,903,7406,8
2/20/2018,904,7414,8
2/21/2018,905,7423,9
2/22/2018,906,7429,6
2/23/2018,907,7438,9
2/24/2018,908,7446,8
2/25/2018,909,7455,9
2/26/2018,910,7462,7
2/27/2018,911,7472,10
2/28/2018,912,7475,3
3/1/2018,913,7480,5
3/2/2018,914,7485,5
3/3/2018,915,7490,5
3/4/2018,916,7498,8
3/5/2018,917,7508,10
3/6/2018,918,7517,9
3/7/2018,919,7527,10
3/8/2018,920,7537,10
3/9/2018,921,7545,8
3/10/2018,922,7547,2
3/11/2018,923,7556,9
3/12/2018,924,7561,5
3/13/2018,925,7564,3
3/14/2018,926,7572,8
3/15/2018,927,7577,5
3/16/2018,928,7587,10
3/17/2018,929,7595,8
3/18/2018,930,7600,5
3/19/2018,931,7607,7
3/20/2018,932,7609,2
3/21/2018,933,7612,3
3/22/2018,934,7623,11
3/23/2018,935,7634,11
3/24/2018,936,7644,10
3/25/2018,937,7655,11
3/26/2018,938,7666,11
3/27/2018,939,7677,11
3/28/2018,940,7688,11
3/29/2018,941,7698,10
3/30/2018,942,7707,9
3/31/2018,943,7717,10
4/1/2018,944,7728,11
4/2/2018,945,7739,11
4/3/2018,946,7750,11
4/4/2018,947,7759,9
4/5/2018,948,7762,3
4/6/2018,949,7764,2
4/7/2018,950,7773,9
4/8/2018,951,7785,12
4/9/2018,952,7795,10
4/10/2018,953,7800,5
4/11/2018,954,7808,8
4/12/2018,955,7820,12
4/13/2018,956,7832,12
4/14/2018,957,7843,11
4/15/2018,958,7851,8
4/16/2018,959,7861,10
4/17/2018,960,7873,12
4/18/2018,961,7882,9
4/19/2018,962,7894,12
4/20/2018,963,7906,12
4/21/2018,964,7918,12
4/22/2018,965,7930,12
4/23/2018,966,7942,12
4/24/2018,967,7954,12
4/25/2018,968,7967,13
4/26/2018,969,7979,12
4/27/2018,970,7990,11
4/28/2018,971,7997,7
4/29/2018,972,8008,11
4/30/2018,973,8019,11
5/1/2018,974,8030,11
5/2/2018,975,8042,12
5/3/2018,976,8053,11
5/4/2018,977,8065,12
5/5/2018,978,8073,8
5/6/2018,979,8082,9
5/7/2018,980,8094,12
5/8/2018,981,8107,13
5/9/2018,982,8120,13
5/10/2018,983,8132,12
5/11/2018,984,8144,12
5/12/2018,985,8157,13
5/13/2018,986,8168,11
5/14/2018,987,8176,8
5/15/2018,988,8186,10
5/16/2018,989,8197,11
5/17/2018,990,8210,13
5/18/2018,991,8217,7
5/19/2018,992,8228,11
5/20/2018,993,8237,9
5/21/2018,994,8249,12
5/22/2018,995,8252,3
5/23/2018,996,8260,8
5/24/2018,997,8265,5
5/25/2018,998,8274,9
5/26/2018,999,8282,8
5/27/2018,1000,8294,12
5/28/2018,1001,8306,12
5/29/2018,1002,8318,12
5/30/2018,1003,8330,12
5/31/2018,1004,8343,13
6/1/2018,1005,8355,12
6/2/2018,1006,8367,12
6/3/2018,1007,8379,12
6/4/2018,1008,8391,12
6/5/2018,1009,8404,13
6/6/2018,1010,8413,9
6/7/2018,1011,8426,13
6/8/2018,1012,8439,13
6/9/2018,1013,8450,11
6/10/2018,1014,8463,13
6/11/2018,1015,8474,11
6/12/2018,1016,8487,13
6/13/2018,1017,8499,12
6/14/2018,1018,8512,13
6/15/2018,1019,8523,11
6/16/2018,1020,8535,12
6/17/2018,1021,8547,12
6/18/2018,1022,8560,13
6/19/2018,1023,8572,12
6/20/2018,1024,8585,13
6/21/2018,1025,8598,13
6/22/2018,1026,8610,12
6/23/2018,1027,8622,12
6/24/2018,1028,8634,12
6/25/2018,1029,8647,13
6/26/2018,1030,8660,13
6/27/2018,1031,8671,11
6/28/2018,1032,8684,13
6/29/2018,1033,8696,12
6/30/2018,1034,8708,12
7/1/2018,1035,8719,11
7/2/2018,1036,8728,9
7/3/2018,1037,8740,12
7/4/2018,1038,8752,12
7/5/2018,1039,8765,13
7/6/2018,1040,8776,11
7/7/2018,1041,8787,11
7/8/2018,1042,8799,12
7/9/2018,1043,8811,12
7/10/2018,1044,8823,12
7/11/2018,1045,8835,12
7/12/2018,1046,8847,12
7/13/2018,1047,8858,11
7/14/2018,1048,8870,12
7/15/2018,1049,8883,13
7/16/2018,1050,8895,12
7/17/2018,1051,8908,13
7/18/2018,1052,8920,12
7/19/2018,1053,8932,12
7/20/2018,1054,8943,11
7/21/2018,1055,8954,11
7/22/2018,1056,8966,12
7/23/2018,1057,8978,12
7/24/2018,1058,8990,12
7/25/2018,1059,9001,11
7/26/2018,1060,9013,12
7/27/2018,1061,9025,12
7/28/2018,1062,9037,12
7/29/2018,1063,9047,10
7/30/2018,1064,9058,11
7/31/2018,1065,9070,12
8/1/2018,1066,9082,12
8/2/2018,1067,9094,12
8/3/2018,1068,9105,11
8/4/2018,1069,9116,11
8/5/2018,1070,9128,12
8/6/2018,1071,9139,11
8/7/2018,1072,9149,10
8/8/2018,1073,9160,11
8/9/2018,1074,9170,10
8/10/2018,1075,9181,11
8/11/2018,1076,9191,10
8/12/2018,1077,9202,11
8/13/2018,1078,9213,11
8/14/2018,1079,9220,7
8/15/2018,1080,9230,10
8/16/2018,1081,9241,11
8/17/2018,1082,9252,11
8/18/2018,1083,9263,11
8/19/2018,1084,9274,11
8/20/2018,1085,9284,10
8/21/2018,1086,9287,3
8/22/2018,1087,9296,9
8/23/2018,1088,9304,8
8/24/2018,1089,9312,8
8/25/2018,1090,9323,11
8/26/2018,1091,9334,11
8/27/2018,1092,9343,9
8/28/2018,1093,9350,7
8/29/2018,1094,9361,11
8/30/2018,1095,9370,9
8/31/2018,1096,9380,10
9/1/2018,1097,9390,10
9/2/2018,1098,9401,11
9/3/2018,1099,9411,10
9/4/2018,1100,9421,10
9/5/2018,1101,9431,10
9/6/2018,1102,9442,11
9/7/2018,1103,9452,10
9/8/2018,1104,9462,10
9/9/2018,1105,9473,11
9/10/2018,1106,9483,10
9/11/2018,1107,9493,10
9/12/2018,1108,9501,8
9/13/2018,1109,9511,10
9/14/2018,1110,9521,10
9/15/2018,1111,9531,10
9/16/2018,1112,9541,10
9/17/2018,1113,9551,10
9/18/2018,1114,9561,10
9/19/2018,1115,9571,10
9/20/2018,1116,9580,9
9/21/2018,1117,9590,10
9/22/2018,1118,9600,10
9/23/2018,1119,9609,9
9/24/2018,1120,9619,10
9/25/2018,1121,9629,10
9/26/2018,1122,9638,9
9/27/2018,1123,9646,8
9/28/2018,1124,9653,7
9/29/2018,1125,9659,6
9/30/2018,1126,9665,6
10/1/2018,1127,9671,6
10/2/2018,1128,9678,7
10/3/2018,1129,9686,8
10/4/2018,1130,9692,6
10/5/2018,1131,9702,10
10/6/2018,1132,9711,9
10/7/2018,1133,9720,9
10/8/2018,1134,9729,9
10/9/2018,1135,9738,9
10/10/2018,1136,9747,9
10/11/2018,1137,9756,9
10/12/2018,1138,9765,9
10/13/2018,1139,9774,9
10/14/2018,1140,9783,9
10/15/2018,1141,9792,9
10/16/2018,1142,9801,9
10/17/2018,1143,9810,9
10/18/2018,1144,9818,8
10/19/2018,1145,9827,9
10/20/2018,1146,9835,8
10/21/2018,1147,9843,8
10/22/2018,1148,9851,8
10/23/2018,1149,9859,8
10/24/2018,1150,9866,7
10/25/2018,1151,9874,8
10/26/2018,1152,9882,8
10/27/2018,1153,9889,7
10/28/2018,1154,9895,6
10/29/2018,1155,9903,8
10/30/2018,1156,9910,7
10/31/2018,1157,9917,7
11/1/2018,1158,9924,7
11/2/2018,1159,9931,7
11/3/2018,1160,9937,6
11/4/2018,1161,9944,7
11/5/2018,1162,9951,7
11/6/2018,1163,9958,7
11/7/2018,1164,9965,7
11/8/2018,1165,9971,6
11/9/2018,1166,9976,5
11/10/2018,1167,9979,3
11/11/2018,1168,9985,6
11/12/2018,1169,9991,6
11/13/2018,1170,9994,3
11/14/2018,1171,9999,5
11/15/2018,1172,10004,5
11/16/2018,1173,10008,4
11/17/2018,1174,10013,5
11/18/2018,1175,10017,4
11/19/2018,1176,10021,4
11/20/2018,1177,10026,5
11/21/2018,1178,10027,1
11/22/2018,1179,10033,6
11/23/2018,1180,10034,1
11/24/2018,1181,10041,7
11/25/2018,1182,10047,6
11/26/2018,1183,10051,4
11/27/2018,1184,10052,1
11/28/2018,1185,10057,5
11/29/2018,1186,10061,4
11/30/2018,1187,10067,6
12/1/2018,1188,10072,5
12/2/2018,1189,10078,6
12/3/2018,1190,10083,5
12/4/2018,1191,10084,1
12/5/2018,1192,10087,3
12/6/2018,1193,10093,6
12/7/2018,1194,10099,6
12/8/2018,1195,10105,6
12/9/2018,1196,10108,3
12/10/2018,1197,10112,4
12/11/2018,1198,10118,6
12/12/2018,1199,10124,6
12/13/2018,1200,10130,6
12/14/2018,1201,10133,3
12/15/2018,1202,10134,1
12/16/2018,1203,10135,1
12/17/2018,1204,10138,3
12/18/2018,1205,10143,5
12/19/2018,1206,10148,5
12/20/2018,1207,10150,2
12/21/2018,1208,10152,2
12/22/2018,1209,10155,3
12/23/2018,1210,10158,3
12/24/2018,1211,10159,1
12/25/2018,1212,10165,6
12/26/2018,1213,10172,7
12/27/2018,1214,10178,6
12/28/2018,1215,10184,6
12/29/2018,1216,10190,6
12/30/2018,1217,10196,6
12/31/2018,1218,10203,7
1/1/2019,1219,10209,6
1/2/2019,1220,10216,7
1/3/2019,1221,10220,4
1/4/2019,1222,10226,6
1/5/2019,1223,10227,1
1/6/2019,1224,10228,1
1/7/2019,1225,10231,3
1/8/2019,1226,10232,1
1/9/2019,1227,10234,2
1/10/2019,1228,10240,6
1/11/2019,1229,10241,1
1/12/2019,1230,10246,5
1/13/2019,1231,10250,4
1/14/2019,1232,10252,2
1/15/2019,1233,10252,0
1/16/2019,1234,10253,1
1/17/2019,1235,10255,2
1/18/2019,1236,10258,3
1/19/2019,1237,10264,6
1/20/2019,1238,10266,2
1/21/2019,1239,10272,6
1/22/2019,1240,10280,8
1/23/2019,1241,10287,7
1/24/2019,1242,10294,7
1/25/2019,1243,10301,7
1/26/2019,1244,10306,5
1/27/2019,1245,10312,6
1/28/2019,1246,10316,4
1/29/2019,1247,10320,4
1/30/2019,1248,10328,8
1/31/2019,1249,10331,3
2/1/2019,1250,10333,2
2/2/2019,1251,10337,4
2/3/2019,1252,10340,3
2/4/2019,1253,10344,4
2/5/2019,1254,10353,9
2/6/2019,1255,10360,7
2/7/2019,1256,10366,6
2/8/2019,1257,10367,1
2/9/2019,1258,10371,4
2/10/2019,1259,10377,6
2/11/2019,1260,10384,7
2/12/2019,1261,10386,2
2/13/2019,1262,10386,0
2/14/2019,1263,10391,5
2/15/2019,1264,10397,6
2/16/2019,1265,10405,8
2/17/2019,1266,10414,9
2/18/2019,1267,10424,10
2/19/2019,1268,10433,9
2/20/2019,1269,10443,10
2/21/2019,1270,10453,10
2/22/2019,1271,10463,10
2/23/2019,1272,10468,5
2/24/2019,1273,10473,5
2/25/2019,1274,10475,2
2/26/2019,1275,10476,1
2/27/2019,1276,10479,3
2/28/2019,1277,10488,9
3/1/2019,1278,10491,3
3/2/2019,1279,10494,3
3/3/2019,1280,10498,4
3/4/2019,1281,10501,3
3/5/2019,1282,10503,2
3/6/2019,1283,10508,5
3/7/2019,1284,10513,5
3/8/2019,1285,10522,9
3/9/2019,1286,10528,6
3/10/2019,1287,10531,3
3/11/2019,1288,10543,12
3/12/2019,1289,10553,10
3/13/2019,1290,10565,12
3/14/2019,1291,10576,11
3/15/2019,1292,10587,11
3/16/2019,1293,10599,12
3/17/2019,1294,10608,9
3/18/2019,1295,10619,11
3/19/2019,1296,10626,7
3/20/2019,1297,10636,10
3/21/2019,1298,10648,12
3/22/2019,1299,10650,2
3/23/2019,1300,10661,11
3/24/2019,1301,10670,9
3/25/2019,1302,10672,2
3/26/2019,1303,10680,8
3/27/2019,1304,10687,7
3/28/2019,1305,10692,5
3/29/2019,1306,10704,12
3/30/2019,1307,10716,12
3/31/2019,1308,10727,11
4/1/2019,1309,10731,4
4/2/2019,1310,10736,5
4/3/2019,1311,10741,5
4/4/2019,1312,10747,6
4/5/2019,1313,10751,4
4/6/2019,1314,10760,9
4/7/2019,1315,10770,10
4/8/2019,1316,10778,8
4/9/2019,1317,10790,12
4/10/2019,1318,10802,12
4/11/2019,1319,10811,9
4/12/2019,1320,10823,12
4/13/2019,1321,10835,12
4/14/2019,1322,10845,10
4/15/2019,1323,10849,4
4/16/2019,1324,10859,10
4/17/2019,1325,10871,12
4/18/2019,1326,10883,12
4/19/2019,1327,10895,12
4/20/2019,1328,10907,12
4/21/2019,1329,10920,13
4/22/2019,1330,10932,12
4/23/2019,1331,10944,12
4/24/2019,1332,10955,11
4/25/2019,1333,10968,13
4/26/2019,1334,10981,13
4/27/2019,1335,10991,10
4/28/2019,1336,11003,12
4/29/2019,1337,11016,13
4/30/2019,1338,11029,13
5/1/2019,1339,11042,13
5/2/2019,1340,11054,12
5/3/2019,1341,11067,13
5/4/2019,1342,11080,13
5/5/2019,1343,11092,12
5/6/2019,1344,11098,6
5/7/2019,1345,11109,11
5/8/2019,1346,11121,12
5/9/2019,1347,11127,6
5/10/2019,1348,11140,13
5/11/2019,1349,11153,13
5/12/2019,1350,11165,12
5/13/2019,1351,11177,12
5/14/2019,1352,11184,7
5/15/2019,1353,11186,2
5/16/2019,1354,11192,6
5/17/2019,1355,11204,12
5/18/2019,1356,11207,3
5/19/2019,1357,11216,9
5/20/2019,1358,11226,10
5/21/2019,1359,11231,5
5/22/2019,1360,11242,11
5/23/2019,1361,11255,13
5/24/2019,1362,11267,12
5/25/2019,1363,11280,13
5/26/2019,1364,11288,8
5/27/2019,1365,11299,11
5/28/2019,1366,11312,13
5/29/2019,1367,11325,13
5/30/2019,1368,11333,8
5/31/2019,1369,11346,13
6/1/2019,1370,11359,13
6/2/2019,1371,11373,14
6/3/2019,1372,11385,12
6/4/2019,1373,11398,13
6/5/2019,1374,11410,12
6/6/2019,1375,11423,13
6/7/2019,1376,11437,14
6/8/2019,1377,11449,12
6/9/2019,1378,11461,12
6/10/2019,1379,11473,12
6/11/2019,1380,11484,11
6/12/2019,1381,11497,13
6/13/2019,1382,11510,13
6/14/2019,1383,11522,12
6/15/2019,1384,11528,6
6/16/2019,1385,11539,11
6/17/2019,1386,11552,13
6/18/2019,1387,11565,13
6/19/2019,1388,11577,12
6/20/2019,1389,11591,14
6/21/2019,1390,11604,13
6/22/2019,1391,11616,12
6/23/2019,1392,11628,12
6/24/2019,1393,11640,12
6/25/2019,1394,11652,12
6/26/2019,1395,11663,11
6/27/2019,1396,11673,10
6/28/2019,1397,11686,13
6/29/2019,1398,11697,11
6/30/2019,1399,11710,13
7/1/2019,1400,11723,13
7/2/2019,1401,11735,12
7/3/2019,1402,11748,13
7/4/2019,1403,11761,13
7/5/2019,1404,11773,12
7/6/2019,1405,11785,12
7/7/2019,1406,11796,11
7/8/2019,1407,11802,6
7/9/2019,1408,11811,9
7/10/2019,1409,11823,12
7/11/2019,1410,11835,12
7/12/2019,1411,11848,13
7/13/2019,1412,11861,13
7/14/2019,1413,11873,12
7/15/2019,1414,11885,12
7/16/2019,1415,11897,12
7/17/2019,1416,11910,13
7/18/2019,1417,11922,12
7/19/2019,1418,11933,11
7/20/2019,1419,11946,13
7/21/2019,1420,11957,11
7/22/2019,1421,11969,12
7/23/2019,1422,11982,13
7/24/2019,1423,11993,11
7/25/2019,1424,12004,11
7/26/2019,1425,12017,13
7/27/2019,1426,12029,12
7/28/2019,1427,12040,11
7/29/2019,1428,12053,13
7/30/2019,1429,12065,12
7/31/2019,1430,12077,12
8/1/2019,1431,12086,9
8/2/2019,1432,12097,11
8/3/2019,1433,12110,13
8/4/2019,1434,12121,11
8/5/2019,1435,12131,10
8/6/2019,1436,12143,12
8/7/2019,1437,12155,12
8/8/2019,1438,12166,11
8/9/2019,1439,12178,12
8/10/2019,1440,12189,11
8/11/2019,1441,12200,11
8/12/2019,1442,12211,11
8/13/2019,1443,12223,12
8/14/2019,1444,12234,11
8/15/2019,1445,12245,11
8/16/2019,1446,12256,11
8/17/2019,1447,12268,12
8/18/2019,1448,12279,11
8/19/2019,1449,12286,7
8/20/2019,1450,12296,10
8/21/2019,1451,12307,11
8/22/2019,1452,12318,11
8/23/2019,1453,12329,11
8/24/2019,1454,12340,11
8/25/2019,1455,12351,11
8/26/2019,1456,12362,11
8/27/2019,1457,12373,11
8/28/2019,1458,12382,9
8/29/2019,1459,12393,11
8/30/2019,1460,12404,11
8/31/2019,1461,12415,11
9/1/2019,1462,12425,10
9/2/2019,1463,12436,11
9/3/2019,1464,12447,11
9/4/2019,1465,12457,10
9/5/2019,1466,12466,9
9/6/2019,1467,12477,11
9/7/2019,1468,12483,6
9/8/2019,1469,12493,10
9/9/2019,1470,12504,11
9/10/2019,1471,12514,10
9/11/2019,1472,12525,11
9/12/2019,1473,12534,9
9/13/2019,1474,12544,10
9/14/2019,1475,12554,10
9/15/2019,1476,12565,11
9/16/2019,1477,12576,11
9/17/2019,1478,12587,11
9/18/2019,1479,12595,8
9/19/2019,1480,12606,11
9/20/2019,1481,12616,10
9/21/2019,1482,12626,10
9/22/2019,1483,12636,10
9/23/2019,1484,12646,10
9/24/2019,1485,12656,10
9/25/2019,1486,12665,9
9/26/2019,1487,12675,10
9/27/2019,1488,12680,5
9/28/2019,1489,12691,11
9/29/2019,1490,12701,10
9/30/2019,1491,12711,10
10/1/2019,1492,12721,10
10/2/2019,1493,12731,10
10/3/2019,1494,12741,10
10/4/2019,1495,12751,10
10/5/2019,1496,12761,10
10/6/2019,1497,12769,8
10/7/2019,1498,12778,9
10/8/2019,1499,12787,9
10/9/2019,1500,12797,10
10/10/2019,1501,12806,9
10/11/2019,1502,12815,9
10/12/2019,1503,12824,9
10/13/2019,1504,12833,9
10/14/2019,1505,12842,9
10/15/2019,1506,12850,8
10/16/2019,1507,12855,5
10/17/2019,1508,12864,9
10/18/2019,1509,12873,9
10/19/2019,1510,12877,4
10/20/2019,1511,12885,8
10/21/2019,1512,12893,8
10/22/2019,1513,12902,9
10/23/2019,1514,12910,8
10/24/2019,1515,12918,8
10/25/2019,1516,12925,7
10/26/2019,1517,12933,8
10/27/2019,1518,12942,9
10/28/2019,1519,12950,8
10/29/2019,1520,12958,8
10/30/2019,1521,12966,8
10/31/2019,1522,12974,8
11/1/2019,1523,12981,7
11/2/2019,1524,12989,8
11/3/2019,1525,12996,7
11/4/2019,1526,13003,7
11/5/2019,1527,13011,8
11/6/2019,1528,13018,7
11/7/2019,1529,13024,6
11/8/2019,1530,13031,7
11/9/2019,1531,13038,7
11/10/2019,1532,13045,7
11/11/2019,1533,13050,5
11/12/2019,1534,13055,5
11/13/2019,1535,13060,5
11/14/2019,1536,13061,1
11/15/2019,1537,13068,7
11/16/2019,1538,13074,6
11/17/2019,1539,13080,6
11/18/2019,1540,13087,7
11/19/2019,1541,13093,6
11/20/2019,1542,13099,6
11/21/2019,1543,13105,6
11/22/2019,1544,13111,6
11/23/2019,1545,13117,6
11/24/2019,1546,13123,6
11/25/2019,1547,13130,7
11/26/2019,1548,13131,1
11/27/2019,1549,13134,3
11/28/2019,1550,13140,6
11/29/2019,1551,13145,5
11/30/2019,1552,13146,1
12/1/2019,1553,13146,0
12/2/2019,1554,13147,1
12/3/2019,1555,13149,2
12/4/2019,1556,13151,2
12/5/2019,1557,13153,2
12/6/2019,1558,13155,2
12/7/2019,1559,13156,1
12/8/2019,1560,13160,4
12/9/2019,1561,13162,2
12/10/2019,1562,13167,5
12/11/2019,1563,13168,1
12/12/2019,1564,13169,1
12/13/2019,1565,13170,1
12/14/2019,1566,13176,6
12/15/2019,1567,13182,6
12/16/2019,1568,13188,6
12/17/2019,1569,13191,3
12/18/2019,1570,13193,2
12/19/2019,1571,13197,4
12/20/2019,1572,13201,4
12/21/2019,1573,13203,2
12/22/2019,1574,13205,2
12/23/2019,1575,13211,6
12/24/2019,1576,13214,3
12/25/2019,1577,13216,2
12/26/2019,1578,13222,6
12/27/2019,1579,13228,6
12/28/2019,1580,13234,6
12/29/2019,1581,13235,1
12/30/2019,1582,13241,6
12/31/2019,1583,13247,6
1/1/2020,1584,13250,3
1/2/2020,1585,13257,7
1/3/2020,1586,13262,5
1/4/2020,1587,13266,4
1/5/2020,1588,13273,7
1/6/2020,1589,13279,6
1/7/2020,1590,13285,6
1/8/2020,1591,13288,3
1/9/2020,1592,13292,4
1/10/2020,1593,13299,7
1/11/2020,1594,13306,7
1/12/2020,1595,13311,5
1/13/2020,1596,13315,4
1/14/2020,1597,13321,6
1/15/2020,1598,13325,4
1/16/2020,1599,13326,1
1/17/2020,1600,13332,6
1/18/2020,1601,13338,6
1/19/2020,1602,13341,3
1/20/2020,1603,13344,3
1/21/2020,1604,13345,1
1/22/2020,1605,13352,7
1/23/2020,1606,13355,3
1/24/2020,1607,13361,6
1/25/2020,1608,13366,5
1/26/2020,1609,13373,7
1/27/2020,1610,13378,5
1/28/2020,1611,13381,3
1/29/2020,1612,13387,6
1/30/2020,1613,13393,6
1/31/2020,1614,13399,6
2/1/2020,1615,13407,8
2/2/2020,1616,13415,8
2/3/2020,1617,13423,8
2/4/2020,1618,13431,8
2/5/2020,1619,13439,8
2/6/2020,1620,13447,8
2/7/2020,1621,13455,8
2/8/2020,1622,13463,8
2/9/2020,1623,13472,9
2/10/2020,1624,13480,8
2/11/2020,1625,13488,8
2/12/2020,1626,13496,8
2/13/2020,1627,13501,5
2/14/2020,1628,13509,8
2/15/2020,1629,13517,8
2/16/2020,1630,13525,8
2/17/2020,1631,13533,8
2/18/2020,1632,13542,9
2/19/2020,1633,13550,8
2/20/2020,1634,13558,8
2/21/2020,1635,13565,7
2/22/2020,1636,13572,7
2/23/2020,1637,13581,9
2/24/2020,1638,13590,9
2/25/2020,1639,13599,9
2/26/2020,1640,13608,9
2/27/2020,1641,13616,8
2/28/2020,1642,13623,7
2/29/2020,1643,13632,9
3/1/2020,1644,13637,5
3/2/2020,1645,13647,10
3/3/2020,1646,13656,9
3/4/2020,1647,13665,9
3/5/2020,1648,13673,8
3/6/2020,1649,13678,5
3/7/2020,1650,13683,5
3/8/2020,1651,13689,6
3/9/2020,1652,13697,8
3/10/2020,1653,13704,7
3/11/2020,1654,13714,10
3/12/2020,1655,13724,10
3/13/2020,1656,13734,10
3/14/2020,1657,13736,2
3/15/2020,1658,13739,3
3/16/2020,1659,13747,8
3/17/2020,1660,13755,8
3/18/2020,1661,13761,6
3/19/2020,1662,13767,6
3/20/2020,1663,13773,6
3/21/2020,1664,13779,6
3/22/2020,1665,13786,7
3/23/2020,1666,13789,3
3/24/2020,1667,13793,4
3/25/2020,1668,13803,10
3/26/2020,1669,13812,9
3/27/2020,1670,13820,8
3/28/2020,1671,13824,4
3/29/2020,1672,13832,8
3/30/2020,1673,13842,10
3/31/2020,1674,13853,11
4/1/2020,1675,13865,12
4/2/2020,1676,13877,12
4/3/2020,1677,13888,11
4/4/2020,1678,13891,3
4/5/2020,1679,13893,2
4/6/2020,1680,13896,3
4/7/2020,1681,13908,12
4/8/2020,1682,13916,8
4/9/2020,1683,13921,5
4/10/2020,1684,13931,10
4/11/2020,1685,13935,4
4/12/2020,1686,13945,10
4/13/2020,1687,13956,11
4/14/2020,1688,13968,12
4/15/2020,1689,13979,11
4/16/2020,1690,13988,9
4/17/2020,1691,13993,5
4/18/2020,1692,14004,11
4/19/2020,1693,14014,10
4/20/2020,1694,14022,8
4/21/2020,1695,14034,12
4/22/2020,1696,14045,11
4/23/2020,1697,14057,12
4/24/2020,1698,14069,12
4/25/2020,1699,14079,10
4/26/2020,1700,14091,12
4/27/2020,1701,14102,11
4/28/2020,1702,14114,12
4/29/2020,1703,14122,8
4/30/2020,1704,14134,12
5/1/2020,1705,14146,12
5/2/2020,1706,14154,8
5/3/2020,1707,14166,12
5/4/2020,1708,14178,12
5/5/2020,1709,14190,12
5/6/2020,1710,14202,12
5/7/2020,1711,14213,11
5/8/2020,1712,14225,12
5/9/2020,1713,14237,12
5/10/2020,1714,14249,12
5/11/2020,1715,14253,4
5/12/2020,1716,14265,12
5/13/2020,1717,14271,6
5/14/2020,1718,14277,6
5/15/2020,1719,14289,12
5/16/2020,1720,14301,12
5/17/2020,1721,14313,12
5/18/2020,1722,14325,12
5/19/2020,1723,14338,13
5/20/2020,1724,14349,11
5/21/2020,1725,14361,12
5/22/2020,1726,14374,13
5/23/2020,1727,14386,12
5/24/2020,1728,14398,12
5/25/2020,1729,14410,12
5/26/2020,1730,14421,11
5/27/2020,1731,14433,12
5/28/2020,1732,14446,13
5/29/2020,1733,14458,12
5/30/2020,1734,14464,6
5/31/2020,1735,14473,9
6/1/2020,1736,14485,12
6/2/2020,1737,14497,12
6/3/2020,1738,14509,12
6/4/2020,1739,14521,12
6/5/2020,1740,14528,7
6/6/2020,1741,14541,13
6/7/2020,1742,14553,12
6/8/2020,1743,14566,13
6/9/2020,1744,14579,13
6/10/2020,1745,14590,11
6/11/2020,1746,14601,11
6/12/2020,1747,14611,10
6/13/2020,1748,14624,13
6/14/2020,1749,14636,12
6/15/2020,1750,14647,11
6/16/2020,1751,14659,12
6/17/2020,1752,14671,12
6/18/2020,1753,14683,12
6/19/2020,1754,14696,13
6/20/2020,1755,14708,12
6/21/2020,1756,14720,12
6/22/2020,1757,14733,13
6/23/2020,1758,14745,12
6/24/2020,1759,14757,12
6/25/2020,1760,14770,13
6/26/2020,1761,14782,12
6/27/2020,1762,14794,12
6/28/2020,1763,14806,12
6/29/2020,1764,14818,12
6/30/2020,1765,14830,12
7/1/2020,1766,14843,13
7/2/2020,1767,14856,13
7/3/2020,1768,14868,12
7/4/2020,1769,14880,12
7/5/2020,1770,14892,12
7/6/2020,1771,14904,12
7/7/2020,1772,14916,12
7/8/2020,1773,14928,12
7/9/2020,1774,14939,11
7/10/2020,1775,14950,11
7/11/2020,1776,14962,12
7/12/2020,1777,14974,12
7/13/2020,1778,14986,12
7/14/2020,1779,14997,11
7/15/2020,1780,15009,12
7/16/2020,1781,15020,11
7/17/2020,1782,15032,12
7/18/2020,1783,15044,12
7/19/2020,1784,15056,12
7/20/2020,1785,15067,11
7/21/2020,1786,15077,10
7/22/2020,1787,15089,12
7/23/2020,1788,15100,11
7/24/2020,1789,15112,12
7/25/2020,1790,15124,12
7/26/2020,1791,15135,11
7/27/2020,1792,15147,12
7/28/2020,1793,15158,11
7/29/2020,1794,15170,12
7/30/2020,1795,15181,11
7/31/2020,1796,15192,11
8/1/2020,1797,15203,11
8/2/2020,1798,15215,12
8/3/2020,1799,15226,11
8/4/2020,1800,15235,9
8/5/2020,1801,15241,6
8/6/2020,1802,15252,11
8/7/2020,1803,15263,11
8/8/2020,1804,15275,12
8/9/2020,1805,15286,11
8/10/2020,1806,15297,11
8/11/2020,1807,15308,11
8/12/2020,1808,15319,11
8/13/2020,1809,15329,10
8/14/2020,1810,15339,10
8/15/2020,1811,15349,10
8/16/2020,1812,15358,9
8/17/2020,1813,15364,6
8/18/2020,1814,15374,10
8/19/2020,1815,15384,10
8/20/2020,1816,15395,11
8/21/2020,1817,15406,11
8/22/2020,1818,15416,10
8/23/2020,1819,15423,7
8/24/2020,1820,15432,9
8/25/2020,1821,15442,10
8/26/2020,1822,15451,9
8/27/2020,1823,15462,11
8/28/2020,1824,15472,10
8/29/2020,1825,15481,9
8/30/2020,1826,15491,10
8/31/2020,1827,15500,9
9/1/2020,1828,15508,8
9/2/2020,1829,15517,9
9/3/2020,1830,15527,10
9/4/2020,1831,15537,10
9/5/2020,1832,15546,9
9/6/2020,1833,15555,9
9/7/2020,1834,15564,9
9/8/2020,1835,15569,5
9/9/2020,1836,15569,0
9/10/2020,1837,15571,2
9/11/2020,1838,15576,5
9/12/2020,1839,15583,7
9/13/2020,1840,15590,7
9/14/2020,1841,15598,8
9/15/2020,1842,15603,5
9/16/2020,1843,15612,9
9/17/2020,1844,15623,11
9/18/2020,1845,15632,9
9/19/2020,1846,15641,9
9/20/2020,1847,15649,8
9/21/2020,1848,15659,10
9/22/2020,1849,15668,9
9/23/2020,1850,15677,9
9/24/2020,1851,15686,9
9/25/2020,1852,15695,9
9/26/2020,1853,15703,8
9/27/2020,1854,15712,9
9/28/2020,1855,15720,8
9/29/2020,1856,15728,8
9/30/2020,1857,15736,8
10/1/2020,1858,15741,5
10/2/2020,1859,15747,6
10/3/2020,1860,15754,7
10/4/2020,1861,15764,10
10/5/2020,1862,15773,9
10/6/2020,1863,15780,7
10/7/2020,1864,15787,7
10/8/2020,1865,15792,5
10/9/2020,1866,15799,7
10/10/2020,1867,15803,4
10/11/2020,1868,15811,8
10/12/2020,1869,15820,9
10/13/2020,1870,15828,8
10/14/2020,1871,15837,9
10/15/2020,1872,15845,8
10/16/2020,1873,15853,8
10/17/2020,1874,15861,8
10/18/2020,1875,15870,9
10/19/2020,1876,15878,8
10/20/2020,1877,15886,8
10/21/2020,1878,15894,8
10/22/2020,1879,15902,8
10/23/2020,1880,15910,8
10/24/2020,1881,15917,7
10/25/2020,1882,15924,7
10/26/2020,1883,15932,8
10/27/2020,1884,15940,8
10/28/2020,1885,15947,7
10/29/2020,1886,15954,7
10/30/2020,1887,15962,8
10/31/2020,1888,15969,7
11/1/2020,1889,15975,6
11/2/2020,1890,15982,7
11/3/2020,1891,15990,8
11/4/2020,1892,15997,7
11/5/2020,1893,16004,7
11/6/2020,1894,16010,6
11/7/2020,1895,16017,7
11/8/2020,1896,16023,6
11/9/2020,1897,16029,6
11/10/2020,1898,16035,6
11/11/2020,1899,16039,4
11/12/2020,1900,16045,6
11/13/2020,1901,16047,2
11/14/2020,1902,16054,7
11/15/2020,1903,16061,7
11/16/2020,1904,16067,6
11/17/2020,1905,16069,2
11/18/2020,1906,16072,3
11/19/2020,1907,16078,6
11/20/2020,1908,16085,7
11/21/2020,1909,16090,5
11/22/2020,1910,16095,5
11/23/2020,1911,16102,7
11/24/2020,1912,16108,6
11/25/2020,1913,16115,7
11/26/2020,1914,16121,6
11/27/2020,1915,16128,7
11/28/2020,1916,16134,6
11/29/2020,1917,16140,6
11/30/2020,1918,16146,6
12/1/2020,1919,16153,7
12/2/2020,1920,16158,5
12/3/2020,1921,16163,5
12/4/2020,1922,16169,6
12/5/2020,1923,16172,3
12/6/2020,1924,16177,5
12/7/2020,1925,16183,6
12/8/2020,1926,16189,6
12/9/2020,1927,16194,5
12/10/2020,1928,16200,6
12/11/2020,1929,16202,2
12/12/2020,1930,16206,4
12/13/2020,1931,16207,1
12/14/2020,1932,16213,6
12/15/2020,1933,16216,3
12/16/2020,1934,16221,5
12/17/2020,1935,16225,4
12/18/2020,1936,16231,6
12/19/2020,1937,16237,6
12/20/2020,1938,16243,6
12/21/2020,1939,16249,6
12/22/2020,1940,16255,6
12/23/2020,1941,16260,5
12/24/2020,1942,16265,5
12/25/2020,1943,16266,1
12/26/2020,1944,16271,5
12/27/2020,1945,16277,6
12/28/2020,1946,16281,4
12/29/2020,1947,16287,6
12/30/2020,1948,16293,6
12/31/2020,1949,16299,6
1/1/2021,1950,16303,4
1/2/2021,1951,16305,2
1/3/2021,1952,16306,1
1/4/2021,1953,16309,3
1/5/2021,1954,16315,6
1/6/2021,1955,16319,4
1/7/2021,1956,16324,5
1/8/2021,1957,16328,4
1/9/2021,1958,16334,6
1/10/2021,1959,16337,3
1/11/2021,1960,16343,6
1/12/2021,1961,16346,3
1/13/2021,1962,16352,6
1/14/2021,1963,16358,6
1/15/2021,1964,16364,6
1/16/2021,1965,16371,7
1/17/2021,1966,16377,6
1/18/2021,1967,16384,7
1/19/2021,1968,16391,7
1/20/2021,1969,16398,7
1/21/2021,1970,16403,5
1/22/2021,1971,16405,2
1/23/2021,1972,16412,7
1/24/2021,1973,16413,1
1/25/2021,1974,16421,8
1/26/2021,1975,16423,2
1/27/2021,1976,16425,2
1/28/2021,1977,16427,2
1/29/2021,1978,16434,7
1/30/2021,1979,16440,6
1/31/2021,1980,16445,5
2/1/2021,1981,16451,6
2/2/2021,1982,16458,7
2/3/2021,1983,16465,7
2/4/2021,1984,16473,8
2/5/2021,1985,16481,8
2/6/2021,1986,16489,8
2/7/2021,1987,16497,8
2/8/2021,1988,16502,5
2/9/2021,1989,16505,3
2/10/2021,1990,16514,9
2/11/2021,1991,16516,2
2/12/2021,1992,16524,8
2/13/2021,1993,16532,8
2/14/2021,1994,16535,3
2/15/2021,1995,16538,3
2/16/2021,1996,16544,6
2/17/2021,1997,16553,9
2/18/2021,1998,16560,7
2/19/2021,1999,16563,3
2/20/2021,2000,16570,7
2/21/2021,2001,16579,9
2/22/2021,2002,16588,9
2/23/2021,2003,16598,10
2/24/2021,2004,16607,9
2/25/2021,2005,16616,9
2/26/2021,2006,16626,10
2/27/2021,2007,16636,10
2/28/2021,2008,16645,9
3/1/2021,2009,16655,10
3/2/2021,2010,16662,7
3/3/2021,2011,16669,7
3/4/2021,2012,16679,10
3/5/2021,2013,16688,9
3/6/2021,2014,16699,11
3/7/2021,2015,16709,10
3/8/2021,2016,16716,7
3/9/2021,2017,16722,6
3/10/2021,2018,16729,7
3/11/2021,2019,16738,9
3/12/2021,2020,16748,10
3/13/2021,2021,16757,9
3/14/2021,2022,16761,4
3/15/2021,2023,16768,7
3/16/2021,2024,16779,11
3/17/2021,2025,16785,6
3/18/2021,2026,16787,2
3/19/2021,2027,16796,9
3/20/2021,2028,16808,12
3/21/2021,2029,16819,11
3/22/2021,2030,16830,11
3/23/2021,2031,16841,11
3/24/2021,2032,16851,10
3/25/2021,2033,16863,12
3/26/2021,2034,16874,11
3/27/2021,2035,16886,12
3/28/2021,2036,16897,11
3/29/2021,2037,16909,12
3/30/2021,2038,16920,11
3/31/2021,2039,16932,12
4/1/2021,2040,16943,11
4/2/2021,2041,16955,12
4/3/2021,2042,16965,10
4/4/2021,2043,16975,10
4/5/2021,2044,16979,4
4/6/2021,2045,16991,12
4/7/2021,2046,17002,11
4/8/2021,2047,17015,13
4/9/2021,2048,17027,12
4/10/2021,2049,17039,12
4/11/2021,2050,17051,12
4/12/2021,2051,17063,12
4/13/2021,2052,17074,11
4/14/2021,2053,17087,13
4/15/2021,2054,17099,12
4/16/2021,2055,17111,12
4/17/2021,2056,17124,13
4/18/2021,2057,17136,12
4/19/2021,2058,17148,12
4/20/2021,2059,17160,12
4/21/2021,2060,17171,11
4/22/2021,2061,17176,5
4/23/2021,2062,17188,12
4/24/2021,2063,17198,10
4/25/2021,2064,17204,6
4/26/2021,2065,17216,12
4/27/2021,2066,17229,13
4/28/2021,2067,17241,12
4/29/2021,2068,17254,13
4/30/2021,2069,17265,11
5/1/2021,2070,17277,12
5/2/2021,2071,17289,12
5/3/2021,2072,17302,13
5/4/2021,2073,17314,12
5/5/2021,2074,17326,12
5/6/2021,2075,17339,13
5/7/2021,2076,17352,13
5/8/2021,2077,17364,12
5/9/2021,2078,17376,12
5/10/2021,2079,17389,13
5/11/2021,2080,17402,13
5/12/2021,2081,17415,13
5/13/2021,2082,17428,13
5/14/2021,2083,17435,7
5/15/2021,2084,17444,9
5/16/2021,2085,17455,11
5/17/2021,2086,17465,10
5/18/2021,2087,17475,10
5/19/2021,2088,17488,13
5/20/2021,2089,17501,13
5/21/2021,2090,17514,13
5/22/2021,2091,17527,13
5/23/2021,2092,17539,12
5/24/2021,2093,17552,13
5/25/2021,2094,17565,13
5/26/2021,2095,17578,13
5/27/2021,2096,17591,13
5/28/2021,2097,17604,13
5/29/2021,2098,17611,7
5/30/2021,2099,17624,13
5/31/2021,2100,17636,12
6/1/2021,2101,17649,13
6/2/2021,2102,17662,13
6/3/2021,2103,17675,13
6/4/2021,2104,17688,13
6/5/2021,2105,17700,12
6/6/2021,2106,17713,13
6/7/2021,2107,17726,13
6/8/2021,2108,17740,14
6/9/2021,2109,17753,13
6/10/2021,2110,17766,13
6/11/2021,2111,17779,13
6/12/2021,2112,17792,13
6/13/2021,2113,17805,13
6/14/2021,2114,17817,12
6/15/2021,2115,17830,13
6/16/2021,2116,17842,12
6/17/2021,2117,17854,12
6/18/2021,2118,17867,13
6/19/2021,2119,17880,13
6/20/2021,2120,17893,13
6/21/2021,2121,17907,14
6/22/2021,2122,17919,12
6/23/2021,2123,17932,13
6/24/2021,2124,17945,13
6/25/2021,2125,17956,11
6/26/2021,2126,17969,13
6/27/2021,2127,17979,10
6/28/2021,2128,17991,12
6/29/2021,2129,18003,12
6/30/2021,2130,18010,7
7/1/2021,2131,18022,12
7/2/2021,2132,18035,13
7/3/2021,2133,18047,12
7/4/2021,2134,18061,14
7/5/2021,2135,18073,12
7/6/2021,2136,18085,12
7/7/2021,2137,18096,11
7/8/2021,2138,18109,13
7/9/2021,2139,18120,11
7/10/2021,2140,18133,13
7/11/2021,2141,18145,12
7/12/2021,2142,18157,12
7/13/2021,2143,18168,11
7/14/2021,2144,18181,13
7/15/2021,2145,18193,12
7/16/2021,2146,18206,13
7/17/2021,2147,18219,13
7/18/2021,2148,18231,12
7/19/2021,2149,18243,12
7/20/2021,2150,18256,13
7/21/2021,2151,18268,12
7/22/2021,2152,18281,13
7/23/2021,2153,18294,13
7/24/2021,2154,18306,12
7/25/2021,2155,18319,13
7/26/2021,2156,18331,12
7/27/2021,2157,18340,9
7/28/2021,2158,18351,11
7/29/2021,2159,18361,10
7/30/2021,2160,18373,12
7/31/2021,2161,18385,12
8/1/2021,2162,18397,12
8/2/2021,2163,18409,12
8/3/2021,2164,18421,12
8/4/2021,2165,18433,12
8/5/2021,2166,18443,10
8/6/2021,2167,18453,10
8/7/2021,2168,18464,11
8/8/2021,2169,18476,12
8/9/2021,2170,18488,12
8/10/2021,2171,18500,12
8/11/2021,2172,18511,11
8/12/2021,2173,18521,10
8/13/2021,2174,18531,10
8/14/2021,2175,18542,11
8/15/2021,2176,18552,10
8/16/2021,2177,18563,11
8/17/2021,2178,18575,12
8/18/2021,2179,18583,8
8/19/2021,2180,18592,9
8/20/2021,2181,18600,8
8/21/2021,2182,18608,8
8/22/2021,2183,18619,11
8/23/2021,2184,18630,11
8/24/2021,2185,18641,11
8/25/2021,2186,18651,10
8/26/2021,2187,18662,11
8/27/2021,2188,18672,10
8/28/2021,2189,18682,10
8/29/2021,2190,18692,10
8/30/2021,2191,18703,11
8/31/2021,2192,18715,12
9/1/2021,2193,18726,11
9/2/2021,2194,18735,9
9/3/2021,2195,18746,11
9/4/2021,2196,18757,11
9/5/2021,2197,18768,11
9/6/2021,2198,18778,10
9/7/2021,2199,18788,10
9/8/2021,2200,18798,10
9/9/2021,2201,18807,9
9/10/2021,2202,18818,11
9/11/2021,2203,18828,10
9/12/2021,2204,18839,11
9/13/2021,2205,18849,10
9/14/2021,2206,18860,11
9/15/2021,2207,18871,11
9/16/2021,2208,18879,8
9/17/2021,2209,18885,6
9/18/2021,2210,18893,8
9/19/2021,2211,18903,10
9/20/2021,2212,18913,10
9/21/2021,2213,18923,10
9/22/2021,2214,18933,10
9/23/2021,2215,18943,10
9/24/2021,2216,18952,9
9/25/2021,2217,18960,8
9/26/2021,2218,18968,8
9/27/2021,2219,18974,6
9/28/2021,2220,18985,11
9/29/2021,2221,18995,10
,,,
,,,
,,,
